id,complejidad,pregunta,respuesta_correcta,incorrecta_1,incorrecta_2,incorrecta_3,sugerida
2578,1,"""Al que Dios se lo dio, San Pedro...""",Se lo bendiga,Se lo quite,Se lo recuerde,Se lo cobre,
2579,1,"""Alto, alto como un pino...""",Pesa menos que un comino,Y se parece a tu primo,Señala el camino,Voló por donde vino,
2580,1,"""Ay mamá Inés, ay mamá Inés...""",Todos los negros tomamos café,Me duele el pie,"Si te gusta mi ritmo, canta también",¡Salió el 70! No lo puedo creer,
2581,1,"""Colorín, colorado...""",Este cuento se ha acabado ,Mi besito te ha dejado,No te vistas de rosado,Está el mamey que me has dado,
2582,1,"""Cuando el río suena...""",Piedras trae,Se ahogó una orquesta,No te bañes,Los peces saltan,
2583,1,"""Me piro"" significa:",Me voy,Me quedo,Me caliento,Me aburro,
2584,1,"""Un chino cayó en un...""",Pozo,Jamo,Charco,Corral,
2585,1,¿A qué hora se escucha en La Habana un cañonazo?,A las 9 de la noche,Nunca,A las 8 de la noche,A las 10 de la noche,
2586,1,¿Cómo es el muñeco Pin Pón?,Muy lindo y de cartón,Coqueto y gordinflón,Moreno y bailador,Muy alto y de Morón,
2587,1,¿Cómo estoy cuando mi suerte es muy mala?,Sala'o,Prendí'o,Cogí'o,Bota'o,
2588,1,¿Con qué fruta se compara a alguien atractivo?,Con un mango,Con un melón,Con un plátano,Con un melocotón,
2589,1,¿Con quién se quiere casar Arroz con Leche?,Con una viudita de la capital,Con una negrita del solar,Con una primita de Alamar,Con una loquita que anda mal,
2590,1,¿Cuál es la frase que más oyes decir a los choferes de almendrones?,No me tires la puerta,El dólar a 23,¿A dónde llega?,No te sientes mojado,
2591,1,¿Cuál es la última frase que dice La Calabacita en su canción?,Hasta mañana,Buenas noches,Dulces sueños,A dormir,
2592,1,"¿De qué es la ""rueda rueda""?",De pan y canela,De yuca y habichuela,De leche y panetela,De arroz y lenteja,
2593,1,¿De qué viven Pánfilo y Chequera?,Del cuento,Del aire,De Indirita,Del alquiler,Juan Carlos
2594,1,¿Dónde o cómo se balanceaban los elefantes?,Sobre la tela de una araña,En un columpio elegante,Agarrados del Péndulo de Foucault,Colgados de sus trompas,
2595,1,¿Dónde se suele celebrar la Feria del Libro de La Habana?,En el Complejo Morro-Cabaña,En la Plaza de Armas,En la Villa Panamericana,En la Universidad de La Habana,Eulises Pacheco Silva
2596,1,"¿En qué trabajan los miembros de las ""microbrigadas""?",En la construcción de viviendas,En la recogida de papas,En la cría de ganado porcino,En la limpieza de las calles,
2597,1,¿En qué voló Matías Pérez?,En un globo aerostático,En un dirigible,En un aeroplano de fumigación,En un papalote,
2598,1,¿Para el gusto qué se hicieron?,Los colores,Las mujeres,Las artes,Los dulces,
2599,1,"¿Por qué se caracteriza en Cuba un hombre al que llaman ""pamplinero""?",Por decir mentiras e inventarse historias falsas,Por ser obstinado y empeñarse en hacer cosas absurdas,Por trabajar en el campo o en jardines deshierbando ,Por comer mucha ensalada o ser totalmente vegetariano,
2600,1,"¿Qué beneficio reciben en la panadería, la bodega, o la carnicería las personas con Plan Jaba?",Compran antes que los demás,Reciben más productos que los demás,Cuentan con una tarifa diferenciada,Participan en la distribución de los productos,
2601,1,"¿Qué es un ""fotingo""?",Un automóvil antiguo,Un hombre apestoso,Un destornillador de estrías,Un bolso de cuero,
2602,1,"¿Qué es un ""temba""?",Un hombre de mediana edad,Un gallo que ya no canta,Un cantante de timba,Un billete de 100 pesos,Eulises Pacheco Silva
2603,1,"¿Qué es una ""santanilla""?",Una hormiga,Una mujer muy buena,Una casita en la playa,Una manta,
2604,1,¿Qué hace un botero?,"Maneja un taxi, un carro viejo generalmente","Vende, como artesano, esculturas que imitan la obra de Fernando Botero",Presta dinero con altos intereses y lo cobra por la fuerza,Opera patanas como la Lanchita de Regla,
2605,1,¿Qué no le puede faltar al Mojito?,La hierbabuena,La miel,El limón,El anís,
2606,1,"¿Qué se conoce también como ""chismosa""?",Un quinqué,Un radio,Un ventanal,Un bolso,
2607,1,"¿Qué son los ""almendrones""?",Carros viejos americanos ,Maracas,Cucarachas,Turrones de Jijona,
2608,1,"¿Qué te digo para desearte buena suerte, éxitos y cosas buenas?",Aché,Sandunga,Batá,Dale,
2609,1,¿Quién es el mejor amigo de Pánfilo?,Chequera,Facundo Correcto,Ruperto,Chacón,
2610,1,¿Tín Marín de qué?,De dos pingüés,De un tentempié,De yo que sé,De los dos piés,Alejandro Coto
2611,1,"Cuando alguien se ""hace santo"" se viste de:",Blanco,Amarillo,Negro,Beige,
2612,1,"Cuando le dicen ""Juan que te vas a caer"" ¿qué responde?",¡Bah! Me tiene sin cuidado,¡Guao! Entonces voy pira'o,¡Nah! Si yo en esto estoy escapa'o,¡Relájate! Que lo tengo to' calculado,
2613,1,El plato tradicional de Cuba está compuesto por:,"Congrí, yuca y carne de cerdo",Arroz amarillo con pollo y tamales,"Congrí, carnero y tostones","Picadillo de res, arroz blanco y plátano fruta",Alianys
2614,1,El punto más alto de Cuba es:,El Pico Turquino,La Loma del Capiro,La Torre del Focsa,El Pan de Guajaibón,
2615,1,"Según el refrán ""Dios aprieta...""",Pero no ahoga,Pero acaricia,Pero propicia,Pero no ahora,
2616,1,"Según el refrán ""Ojos que no ven...""",Corazón que no siente,Necesitan lentes,Tarro inminente,Manos que presienten,
2617,1,Según el refrán ¿a palabras necias qué?,Oídos sordos,Labios cerrados,Cero eco,Mala cara,
2618,1,Según el refrán ¿qué haces luego de criar fama?,Te acuestas a dormir,Acumular dinero,Te vas del carril,Recibir honores,
2619,1,Según el refrán ¿qué pasa con el agua pasada?,No mueve molinos,Se estanca y apesta,Limpia caminos,Arrastra desdichas,
2620,1,Según el refrán ¿qué pasa con el que no se embarra?,No goza,No lava,No sufre,No come,
2621,1,"Según el refrán decimos ""Barriga llena...""",Corazón contento,Tripa tensa,Dulce siesta,Retrete dispuesto,
2622,1,"Si algo es conocido por muchas personas, decimos que:",Eso lo sabe malanga,Eso lo sabe patata,Eso lo sabe la yuca,Eso lo sabe un ñame,
2623,1,Si alguien se te está luciendo decimos que:,Se está dando pista,Se está comiendo el faisán,Se está afilando las uñas,Se está echando maíz,
2624,1,"Si estás gozando, o sin restricciones, digo que te veo ""suelto y...""",Sin vacunar,Sin capataz,Sin lineamientos,Sin bozal,
2625,1,"Si te digo ""tunturuntu"" ¿qué quiero que hagas?",Que te vayas,Que te santigües,Que te bañes,Que te arrepientas,
2626,1,Sinónimo de cochinada o suciedad:,Churre,Churro,Charro,Charra,
2627,1,Todos quieren saber por dónde le entra el agua:,Al coco,Al melón,Al pozo,Al río,
2628,1,"Todos se preguntan ""¿qué fue primero?""",¿El huevo o la gallina?,¿La lluvia o el viento?,¿El alma o el cuerpo?,¿La perra o el perro?,Octavio
2629,1,Una chivichana es:,Un carro hecho con madera y cajas de bola,Un tipo de navaja similar a la chaveta,Una granja donde se crían chivos,Una mujer casquivana pero fea,
2630,1,"""Al que nace pa' tamal...""",Del cielo le caen las hojas,Se le siente el olor a maíz,Ponle carne tú,No hay que pintarlo de amarillo,
2631,1,"""Calabaza, calabaza...""",Cada uno pa' su casa,To'l mundo pa mi casa,Al fin me dieron casa,Vendo barata en mi casa,
2632,1,"""Lo que se hereda...""",No se hurta,No se comparte,Se disfruta mejor,Se protege el doble,
2633,1,"""Lo que se sabe...""",No se pregunta,Se divulga,Vale oro,Se enseña bien,
2634,1,"""Los Papines"" es el nombre de:",Un grupo musical,Un parque de diversiones,Un grupo de teatro,Un club nocturno,
2635,1,"""Meter muela"" significa:",Hablar mucho,Comer mucho,Exagerar algo,Llenar algo,Danice
2636,1,"""Píntate los labios...""",María,Mamita,Mi china,Conchita,
2637,1,"""Surnar"" significa:",Dormir,Ejercitar,Coser,Golpear,
2638,1,"¿A qué deportista cubano se le atribuye la frase ""la técnica es la técnica y sin técnica no hay técnica""?",Félix Savón,Teófilo Stevenson,Odlanier Solís,Freddy Rojas,
2639,1,¿A qué hora salen los niños de la escuela primaria?,A las 4 y 20,A las 4 y 30,A las 5 y 20,A las 5 y 30,
2640,1,¿A quién visitó Obama cuando fue a Cuba?,A Pánfilo,A Osmany García,A Amaury Pérez,A Cristinito,
2641,1,¿Cómo le dices a un hombre bonito?,Bonitillo,Boniatillo,Preciosillo,Tocinillo,
2642,1,¿Cómo le llamamos en Cuba a lo que en otros países se le denomina camiseta deportiva o t-shirt?,Pullover,Peto,Polera,Playera,
2643,1,¿Cómo le llaman los niños a la comida?,La papa,La popa,La pipa,La pepa,
2644,1,"¿Cómo llamamos a los vendedores de frutas, viandas y hortalizas que se ponen todos los dias en las esquinas?",Carretilleros,Verduleros,Buhoneros,Usureros,
2645,1,¿Cómo murió el cacique Hatuey?,En la hoguera,En el garrote vil,Por desmembramiento,Por empalamiento,
2646,1,¿Cómo se les llama a las prostitutas?,Jineteras,Puchas,Jupas,Picadoras,
2647,1,¿Cómo se llama el actor que interpreta al queridísimo Pánfilo?,Luis Silva,"Alejandro García ""Virulo""",Enrique Arredondo,Otto Ortiz,
2648,1,"¿Cómo se llama el personaje que, por Cubavisión, indica a los niños con su canción que ya es la hora de ir a dormir?",La Calabacita,Blue,El Boniatico,Luna,
2649,1,¿Cómo se llaman los shorts cortiquitos a punta de nalga que usan las chicas?,Calienticos,Raspaditos,Matabobos,Entallados,
2650,1,¿Cómo son los dos gaticos que se aman?,"Ella es negra, él es blanco","Ella es linda, él es feo","Ella tiene manchas, él largos bigotes","Ella no tiene pelo, él es un bandolero",
2651,1,¿Con qué se hacen los tostones rellenos?,Con plátano,Con boniato,Con papa,Con harina,
2652,1,¿Cuál de las siguientes es considerada la Patrona de Cuba?,La Virgen de la Caridad del Cobre,Santa Bárbara Bendita,La Virgen de Regla,Santa Ana,
2653,1,¿Cuál de las siguientes palabras no se usa para referirse a un jefe o dirigente?,Baku,Mokongo,Pincho,Cuadro,
2654,1,¿Cuál es el color del equipo de pelota Industriales?,Azul,Naranja,Rojo,Verde,
2655,1,¿Cuál es la distancia por mar entre Cuba y los EE.UU.?,90 millas,11 millas,9 millas,70 millas,
2656,1,¿Cuál músico cubano es también conocido por tener muchos hijos?,Pedrito Calvo,Adalberto Álvarez,David Calzado,Elito Revé,
2657,1,¿Cuáles son los principales ingredientes del Cuba Libre?,Ron y refresco de cola,Ron y agua de coco,Ron y jugo de limón,Ron y azúcar prieta,
2658,1,"¿Cuándo cultivo una ""rosa blanca... para el amigo sincero""?",En junio como en enero,En mayo como en febrero,En marzo como en febrero,En julio como en enero,
2659,1,"¿Cuando uno se monta en una guagua de excursión, qué le aclaran sobre el regreso?",Son los mismos puestos,No es seguro que lleguemos,Pica y se extiende,Los hombres de pie,
2660,1,¿Cuánto cuesta un pan de flauta supuestamente de una libra?,Diez pesos,Cinco pesos,Tres pesos,Veinte pesos,Eulises Pacheco Silva
2661,1,¿Cuántos panes al día le tocan a una persona por La Libreta?,Uno,Dos,Tres,Ninguno,
2662,1,¿En Cuba todos quieren saber cómo está qué?,La cosa,El tiempo,El vecino,La producción,
2663,1,¿En qué provincia está la única base militar norteamericana que hay en Cuba?,En Guantánamo,En Granma,En Ciego de Ávila,En Camagüey,
2664,1,¿Por qué “Yo no me baño en el malecón...”?,Porque en el agua hay un tiburón,Porque en las rocas hay un pez león,Porque está prohibido nadar,Porque le temo a las olas del mar,
2665,1,¿Por qué es conocido el barrio de La Cuevita?,Por su mercado negro,Por sus babalaos,Por sus aguas termales,Por su arquitectura,
2666,1,¿Qué arma fue muy popular entre los mambises?,El machete,La balloneta,El sable,La escopeta,
2667,1,"¿Qué es ""El camaroncito duro""",Un cuento infantil,Una vuelta de casino,Un plato tradicional,Una canción popular,
2668,1,"¿Qué es ""un bisne""?",Un negocio,Un sonido,Un rumor,Un bulto,
2669,1,"¿Qué es un ""bohío""?",Una casa rural hecha de madera y guano,Un almacén para guardar granos,Un pilón hecho con piedras de río,Una raza de bovinos creada artificialmente,
2670,1,¿Qué es un vanvanero?,"Un tipo amante de los Van Van, bailador y de buen carácter",Un tipo que maneja una van de repartición para una tienda,"Un tipo que va de aquí para allá, callejeando, sin domicilio fijo",Un tipo que trabaja como estibador en el puerto,
2671,1,"¿Qué es una ""guasasa""?",Un tipo de mosca muy pequeña,Una herramienta similar a la azada,Un tipo de autobús que hace recorridos cortos,Una bebida preparada con agua y melaza,
2672,1,"¿Qué le digo al ""Cochero...""?",¡Cochero pare! ¡Pare cochero!,¡Cochero no frene! ¡No frene cochero!,¡Cochero frene! ¡Frene cochero!,¡Cochero no pare! ¡No pare cochero!,
2673,1,¿Qué le pasó al cuarto de Tula?,Cogió candela por una vela,Perdió el techo en un ciclón,Se inundó por una filtración,Se derrumbó por ser tan viejo,Anaifa y Kary
2674,1,¿Qué pez es conocido en Cuba por comer cualquier cosa y ser una especie invasora?,La claria,La carpa,La tilapia,La trucha,
2675,1,¿Qué se formó con Marc Anthony y Gente de Zona?,La Gozadera,La Tiradera,La Cangrejera,La Partidera,
2676,1,"¿Qué significa ""coger curda""?",Emborracharse,Enojarse,Enriquecerse,Enterarse,
2677,1,"¿Qué significa la palabra ""jama""?",Comida,Carnada,Bolsa,Herramienta,
2678,1,"¿Qué tiene el leopardo ""en su monte seco y pardo""?",Un abrigo,Un cachorro,Un amor,Un bistec,
2679,1,"¿Quién es conocido como ""El Bárbaro del Ritmo""?",Benny Moré,Barbarito Díez,Barbarito Torres,Miguelito Cuní,
2680,1,"¿Quién es conocido como ""el Guajiro Natural""?",Polo Montañez,Polito Ibáñez,Polo Baquerizo,Polito Puente,
2681,1,¿Quién es conocido como Cristinito?,Alexis Valdés,Roberto Riverón,Álvarez Guedes,Baudilio Espinosa,
2682,1,¿Quién me quiere gobernar?,María Cristina,Ana María,María Domitila,Juana María,
2683,1,Bola de Nieve fue:,Un músico,Un boxeador,Un narcotraficante,Un poeta,
2684,1,"Cuando se pone fin a algo o algo llega a su fin naturalmente, decimos:",Se acabó lo que se daba,Pilín pilón cerró el cajón,Hasta aquí llegó lo que Antonio inició,Ya sumó el pasado,
2685,1,Decimos que la isla de Cuba tiene forma de:,Caimán,Iguana,Chipojo,Dragón,
2686,1,Según el refrán ¿qué le pasa a quien no oye consejos?,No llega a viejo,No reparte parejo,No atrapa al conejo,No busca cortejo,
2687,1,El Ave Nacional de Cuba es: ,El tocororo,El zunzún,La golondrina,El sinsonte,
2688,1,El Cine Yara y el Coopelia están en la esquina de:,23 y L,23 y M,Línea y 23,23 y K,
2689,2,Está acabando con la quinta ¿y con qué más?,Con los mangos,Con los campos,Con los cuartos,Con los machos,
2690,2,La Flor Nacional de Cuba es:,La mariposa,La azucena,El mar pacífico,El gladiolo,
2691,2,La prenda de vestir insignia de Cuba es:,La guayabera,El poncho,La camisa verde olivo,La camisa de cuadros,
2692,2,Las muchachas celebran de forma especial sus:,15 años,13 años,16 años,17 años,
2693,2,Maceo era conocido como el Titán ¿de qué?,De Bronce,De Cobre,De Oro,De Plata,
2694,2,Popularmente ¿qué se conoce en Cuba como sancocho?,Las sobras de comida que se usan para alimentar a los puercos,"Los frijoles colorados con carne de res, cerdo y chivo",El fricasé de conejo,El arroz con boniato,
2695,2,Por la vulgarización de una marca ¿cómo se le llama comúnmente también al refrigerador?,Frigidaire,GE,Westinghouse,Kelvinator,
2696,2,"Según el refrán ""A río revuelto...""",Ganacia de pescadores,Apuesta tus ganancias,Acude con tus dioses,Convidan las desgracias,
2697,2,"Según el refrán ""Nunca es tarde...""",Si la dicha es buena,Si eres tú el que manda,Si me recompensas,Si el día es largo,
2698,2,"Según el refrán ""Perro que ladra...""",No muerde,Se tira,Te lame,Más vale,
2699,2,Según el refrán ¿a quién se coge más rápido que a un cojo?,A un mentiroso ,A un leproso,A un baboso,A un envidioso,
2700,2,Según el refrán ¿cada loco con qué?,Con su tema,Con su pareja,Con su medicación,Con su invento,
2701,2,Según el refrán ¿con qué no se puede tapar el sol?,Con un dedo,Con un bolo,Con un toldo,Con un palo,
2702,2,Según el refrán ¿qué hay en casa del herrero?,Cuchillos de palo,Rejas de hierro,Varillas de soldar,Luces de tungsteno,
2703,2,Según el refrán ¿qué se sabe tarde o temprano?,Todo,Nada,Poco,Algo,
2704,2,Según el refrán ¿qué te diré si me dices con quién andas?,Quién eres,Qué pedir,Quién fue,Qué decir,
2705,2,Según el refrán ¿quién ríe mejor?,El que ríe último,El que se lava los dientes,El que es feliz,El que pronto olvida,
2706,2,Según el refrán ¿quién trabaja doble?,El haragán,El vanguardia,La mujer,La hormiga,
2707,2,Según el refrán ¿quién triunfa?,El que persevera,El que desespera,El que coopera,El que procrea,
2708,2,Si alguien te evita ¿te está dando qué?,Línea,Cordel,Mariquita,Espuma,
2709,2,"Si oyes a alguien cantar ""Mira la batea como se menea, como se menea el agua en la batea"" ¿qué debe estar haciendo?","Moviendo la cintura, meneándola",Lavando ropa,"Cocinando un sopón, revolviéndolo",Bailando salsa,
2710,2,"Si tengo los labios gruesos, soy:",Bembón,Angelina,El Negro Fuló,Bocón,
2711,2,"Si tu mujer, tu marido o tu jefe te sorprenden haciendo algo indebido ¿qué le cuentas a tus amigos?",Me cogió fuera de base,Me cogió chupándome el dedo,Me cogió con mantequilla,Me cogió de rebote,
2712,2,"Si tú y yo tenemos ""guara"" ¿qué significa?",Que nos llevamos bien y nos tratamos con confianza,Que estamos enamorados y tenemos química uno con el otro,Que hicimos un negocio juntos y compartimos responsabilidades por eso,Que tenemos suerte para encontrarnos casualmente con frecuencia,
2713,2,Sinónimo de broma:,Jarana,Banca,Chence,Bofe,
2714,2,"Un ""yuma"" es:","Un extranjero, especialmente un estadounidense","Un millonario, siempre que sea viejo",Un pueblerino,Un artista,
2715,2,Una chiringa es:,Un tipo de papalote,Un barco de papel,Una bicicleta eléctrica,Un coche tirado por un chivo,
2716,2,Una popular forma de transporte público en Cuba es:,El Camello,El Caballo,El Elefante,El Burro,
2717,2,"""Árbol que nace torcido...""",Jamás su tronco endereza,Se pierde entre la maleza,Crece con pereza,Burla su naturaleza,
2718,2,"""Corneta..."" ¿toque qué?",A degüello,La Bayamesa,A safarrancho,La Guantanamera,
2719,2,"""Dame la mano...""",Y danzaremos,Y buscaremos,Y saltaremos,Y flotaremos,
2720,2,"""El que a buen árbol se arrima...""",Buena sombra lo cobija,Por un gorrión será cagado,Merienda se procura,Aprende Física,
2721,2,"""Eso es más viejo que...""",El Morro,La Catedral,La Plaza de Armas,Papá Montero,
2722,2,"""Hijo de gato...""",Caza ratón,Maúlla,Roba comida,Escupe pelo,
2723,2,"""Las palmas son más altas y...""",Los puercos comen de ellas,Las hieren los rayos sin pena,Los perros las orinan,Las hay barrigonas,Octavio
2724,2,"""Lo bueno no pasa...""",Se queda siempre,Se lo lleva la gente,Se pierde,Se graba en la mente,
2725,2,"""Los zapaticos me aprietan...""",Las medias me dan calor,Quítamelos por favor,El juanete me da dolor,Cómprame unos nuevos mejor,
2726,2,"""No te salva...""",Ni el médico chino,Ni el doctor Aquino,Ni el curandero albino,Ni el Plan Turquino,
2727,2,"""Si Tin tiene, Tin vale; pero si Tin no tiene...""",Ni tin vale,Toca timbales,Hace tamales,Ya no vale,
2728,2,"""Soy cubano, soy...""",Popular,Parlanchín,Chavacán,Natural,
2729,2,¿A dónde se va el papalote cuando le cortan el hilo?,A bolina,A la luna,Al piso,A casa,
2730,2,"¿A qué no se le llama ""chivo"" en Cuba?",A una guagua utilizada en zonas rurales,A una cabra,A una bicicleta,A una nota empleada para cometer fraude,
2731,2,¿A un gustazo qué?,Un trancazo,Un porrazo,Un retraso,Un traspaso,
2732,2,¿Cómo era Chencha?,Gambá,Culona,Fea,Sexy,
2733,2,¿Cómo era la novia de David?,Gordita (y con sentimientos),Alta (y estirada),Bajita (y con mucho sabor),Flaca (y habladora),
2734,2,"¿Cómo es una persona ""guarosa""?",Muy sociable,Muy amargada,Muy pesada,Muy imaginativa,
2735,2,¿Cómo está el Boni?,El Boni está pasma'o,El Boni está perdí'o,El Boni está prendí'o,El Boni está escapa'o,
2736,2,¿Cómo estás si no tienes ni un quilo?,Arranca'o,Sato,Desprendí'o,Burro,
2737,2,¿Cómo le llaman a aquel que denuncia a otros traicioneramente por cobardía o mala intención?,Chivatón,Buscón,Sapillo,Canario,
2738,2,"¿Cómo les llaman a las niñas ""que son muy enamoradas"" o a las mujeres a las que les gusta “sacarle gracia” a cualquier hombre?",Satas,Cachas,Fresas,Pijas,
2739,2,¿Cómo no llaman a las personas que revisan la basura en busca de sobras u otros desechos?,Rateros,Buzos,Leones,Tanqueros,
2740,2,¿Cómo quién vas a explotar?,Como Cafunga,Como rosita de maíz,Como Jutía Dulce,Como tu jefe,Ariel Hernández
2741,2,¿Cómo se le dice a las notas ocultas que un estudiante lleva a una prueba con el objetivo de fijarse y sacar buena nota?,Chivos,Tablas de Moisés,Chuletones,Pericos,
2742,2,"¿Cómo se le llama al ron corriente de marcas desconocidas, o al hecho por personas en sus casas?",Chispetrén,Lisótropo,Fuetero,Flamigerón,
2743,2,¿Cómo se le llama también al sillón?,Balance,Tonga,Butaca,Mareador,
2744,2,¿Cómo se le llamaba a los repuestos de los faroles chinos que se usaban para alumbrar en los apagones?,Camisetas,Bombillas,Bayas,Zapatillas,
2745,2,¿Cómo se llama el principal equipo de pelota de la capital?,Industriales,Metropolitanos,Azucareros,Guerreros,
2746,2,¿Como te gusta hacerte qué?,El Habanero,La Guantanamera,El Chino,La Moderna,
2747,2,¿Con cuántas planchas Pancha plancha?,Con cuatro,Con tres,Con ocho,Con siete,
2748,2,¿Con qué se adereza la yuca?,Con mojo,Con salsa de tomate,Con mayonesa,Con pesto,
2749,2,¿Con qué se rebaja el café que viene a La Bodega?,Con chícharos,Con cacao,Con leche,Con almendras,
2750,2,¿Cuál de estos rones no viene embotellado?,El Planchao,El Legendario,El Ronda,El Cubay,
2751,2,¿Cuál de las siguientes frases no es probable que use el Agente Pantera?,Ya no me quedan dientes ¡pero tengo una pila de muelas!,¡Aquí Pantera! ¡El que me mira se altera!,¡Qué clase d' tipo!,El que no ha probado un ñame ¡no sabe lo que es la vida!,
2752,2,¿Cuál de las siguientes frases no se refiere a un paso de casino?,Búfalo vil,Setenta y complícate,Panqué,La prima,
2753,2,¿Cuál es el personaje más utilizado en los chistes cubanos?,Pepito,Monguito,Panchito,Tonito,
2754,2,"¿De dónde ""son los cantantes""?",De la loma,Del batey,De Manzanillo,De la farándula,
2755,2,¿De dónde era El Caballero?,De París,De la Mancha,De Villanueva,De Mónaco,
2756,2,"¿De qué grupo es el famoso tema ""Bacalao con pan""?",Irakere,Síntesis,Vocalité,Orishas,
2757,2,¿De quién eran los tamalitos?,De Olga,De Tina,Míos,De Tamara,
2758,2,¿Dónde queda el Valle de los Ingenios?,En Trinidad,En Viñales,En Baracoa,En Aguada de Pasajeros,
2759,2,¿Dónde vivía Tula?,En el barrio La Cachimba,En el barrio La Timba,En el barrio La Moringa,En el barrio La Mondinga,
2760,2,¿En dónde estaba la pájara pinta?,Sentada en su verde limón,Sentada en el Malecón,Comiendo pan con lechón,Comiendo tamal y chicharrón,
2761,2,"¿En la época colonial, cómo se le llamaba al negro esclavo que se escapaba de su amo?",Cimarrón,Culenque,Carabalí,Haitiano,
2762,2,¿Estela es un granito de qué?,De Canela,De Pimienta,De Arroz,De Sésamo,
2763,2,"¿Para qué se usa la sílaba ""ño""?",Para acortar una mala palabra,Para maldecir a alguien,Para nombrar un animal,Para animar a los deportistas,
2764,2,"¿Por qué le diría a alguien que ""yo no soy jamón""?",Para que sepa que conmigo las cosas no son fáciles,Para que no me esté pidiendo comida,Para que no me esté toqueteando,Para que sepa que tengo la edad que aparento,
2765,2,¿Por qué sabe el diablo?,Por viejo,Por pillo,Por sabio,Por diablo,
2766,2,"¿Por qué se le dice a una persona que ""está buena""?",Por ser atractiva,Por ser de buen corazón,"Por tener buen ""sabor""","Por ser de las que ""están en la última""",
2767,2,¿Por qué se rompió el cántaro?,Por dar tanto en la fuente,Por llenarse de más,Por cantar mal,Por sentarse sobre él,
2768,2,"¿Por qué, no se cambia un camino?",Por vereda,Por un peso,Por carretera,Por una pena,
2769,2,"¿Qué ""voy a pedir pa' ti""?",Lo mismo que tú pa' mí,"Sal, pimienta y ají",Una novia que se parezca a mí,Que te encuentres un botín,
2770,2,¿Qué conductor del Noticiero Nacional de la Televisión se ha distinguido particularmente por su bigote?,Rafael Serrano,Antonio Nápoles,Marcial Hernández,Froilán Arencibia,
2771,2,¿Qué debemos hacer especialmente con el agua del primer aguacero de mayo?,Mojarnos,Tomárnosla,Limpiar la casa,Regar las plantas,
2772,2,"¿Qué es ""El Paquete""?",Un combo de entretenimiento que contiene materiales audiovisuales,Un grupo de productos de primera necesidad que se dan por la libreta de abastecimiento,Una colección literaria que se reparte en las escuelas primarias,Una posición sexual que se hizo popular entre los jóvenes en los 90',
2773,2,"¿Qué es ""un forro""?",Una trampa hecha en un juego,Un dinero mal habido,Una burla o broma pesada,Un pastel sin relleno,
2774,2,¿Qué es lo que a mí me gusta que haga Marieta?,Que baile,Que cante,Que cocine,Que hable,
2775,2,¿Qué es lo que más le gusta a los cubanos traer del extranjero?,Pacotillas,Souvenirs,Fotos,Chismes,
2776,2,"¿Qué es un ""llega y pon""?",Una vivienda improvisada,Un punto de venta itinerante,Un juego infantil,Un truco que se usa en el domió,
2777,2,"¿Qué es un ""sal pa' fuera""?",Una bronca,Un short,Una ensalada,Un ritual,
2778,2,¿Qué hace María Caracoles?,Baila Mozambique,Sopa de Caracol,Collares de Santo,Limpia peceras,
2779,2,¿Qué hay que darle al jarro para que largue el fondo?,Candela,Golpes,Lija,Presión,
2780,2,"¿Qué le pasa a “La cucaracha, la cucaracha...”?",Ya no puede caminar,No sabe qué se va a comprar,Se me quiere posar y no la voy a dejar,Se le olvidó cómo volar,
2781,2,¿Qué le pasa al camarón que se duerme?,Se lo lleva la corriente,Lo muelen los dientes,En ensalada amanece,Entre peces crece,
2782,2,¿Qué le pasa al que nació para carpintero?,Del cielo le caen los clavos,Se acostumbra a perder dedos,No estudia solfeo,Hace su propia cruz,
2783,2,¿Qué no digo cuando la situación está difícil?,La cosa está para dormir con el perro,La cosa está que arde,La cosa está que la mona no carga al mono,La cosa está negra,
2784,2,"¿Qué pasa si el cubano ""no llega""?",Se pasa,Se queda,Se pierde,Se vuelve,
2785,2,¿Qué pierde el que va a Mantilla?,La silla,La sombrilla,La coronilla,La Bastilla,
2786,2,¿Qué quiere ese huevo?,Sal,Kétchup,Aceite,Pimienta,
2787,2,"¿Qué significa ""cacharrear""?",Trastear,Mojar,Botar,Hablar,
2788,2,¿Qué te dicen si cometes un error muy grande?,Metistes la pata hasta el goyete,Salistes por la puerta ancha,Saliste corriendo y sin calzoncillos,Le quemaste la peluca a Luis XIV,
2789,2,¿Qué viene después de la risa?,El llanto,El hipo,La coriza,La carcajada,
2790,2,"¿Quién es conocido como ""El príncipe de las alturas""?",Javier Sotomayor,Alexis Copello,Iván Pedroso,Arnaldo Tamayo,
2791,2,¿Quiénes no toman sopa?,Los guapos,Los chulos,Los rastas,Los repas,Luis Janny
2792,2,“Barquito de papel...”,Mi amigo fiel,Del tamaño de mis pies,Navega bien,Llévame con él,
2793,2,"A la una, mi mula ¿y a las dos?",Mi reloj,Mi canción,Mi sazón,Mi Señor,
2794,2,Al dólar estadounidense se le llama:,Fula,Lechuga,Palo,Convertible,
2795,2,Alamar es: ,Un barrio,Una empresa naviera,Un puerto,Un complejo turístico,
2796,2,"Camagüey se conoce como ""la ciudad de...""",Los tinajones,Los mameyes,Los jagüeyes,Los portales,
2797,2,"Cándido Fabré quiere saber: ""Quién ha visto por ahí...""",Mi sombrero de yarey,A mi perro y mi mujer,Mi sombrero alón,A la vaca y al buey,
2798,2,"Completa el nombre de esta película cubana: ""Amor...""",Vertical,Perro,Invertido,Miliciano,
2799,2,"Completa el verso de la canción de Teresita Fernández: ""Tin Tin...""",La lluvia cayó,Cae una gotica de agua,Vamos a navegar,Dame un poquito más,
2800,3,Cuando algo o alguien se manifiesta causando un fuerte impacto se dice que:,Hizo zafra,Trajo huracanes,Saló la santa cena,Llenó el embalse,
2801,3,"Cuando un hombre está, por ejemplo, deleitándose con la belleza de mujeres lindas ¿qué hace?",Las está vacilando,Las está espantando,Las está aclimatando,Las está calcando,
2802,3,Cuando una mujer es considerada superficial o falsa por su forma de tratar a otras personas se dice que es:,Plástica,Tiki Miki,De plastilina,Estática,
2803,3,El creador de Elpidio Valdés es: ,Juan Padrón,Ian Padrón,Frank Padrón,Blas Padrón,
2804,3,El proyecto cultural que promueve y premia los videos clips cubanos de cualquier género musical es: ,Lucas,Clip.cu,Caricato,Piso 6,
2805,3,"El relajo sí, pero ¿con qué?",Con orden,Con ron,Con dinero,Con ternura,
2806,3,"En el dominó ¿qué ficha es conocida como ""el blanquizal de Jaruco""?",El doble blanco,El blanco nueve,El blanco uno,El blanco tres,
2807,3,"En el dominó ¿qué ficha es conocida como ""la caja de cerveza"" o ""la puerca""?",El doble nueve,El doble seis,El doble tres,El doble ocho,
2808,3,"En el dominó ¿qué ficha es conocida como ""la caja de muerto""?",El doble seis,El doble uno,El doble cuatro,El doble cinco,
2809,3,"En la bodega ""están dando pollo por...""",Pescado,Conejo,Carnero,Puerco,
2810,3,"En una rueda de casino, uno cambia de pareja ¿cuando se dice qué?",Dame una,Tírala,Suéltala,Dame más,
2811,3,"Generalmente, un cucurucho de maní cuesta:",1 peso,2 pesos,50 centavos,20 centavos,
2812,3,La Colmenita es:,Una compañía artística infantil,Una marca de miel de abeja,Un dibujo animado,Una marca de ropa infantil,
2813,3,La Habana fue tomada en el año 1762 por:,Los ingleses,Los franceses,Los alemanes,Los portugueses,
2814,3,"La palabra ""puro"" no se usa para describir:",Un hombre que tiene mucho poder,"Un señor mayor, un padre de familia","Un tabaco cubano, un habano",Un producto que no ha sido adulterado,
2815,3,Por la vulgarización de una marca ¿cómo se le llama también al detergente?,Fá,Fairy,Omo,Rinso,
2816,3,"Según el refrán ""Al mal tiempo...""",Buena cara,Buena capa,Buena casa,Buena cala,
2817,3,"Según el refrán ""El que nada debe...""",Nada teme,Mucho puede,Poco quiere,Orgullo bebe,
2818,3,"Según el refrán ""Haz bien...""",Y no mires a quién,Y perdona también,Y no digas a quién,Y detén ese tren,
2819,3,Según el refrán ¿a quién ayuda Dios?,Al que madruga,Al penitente,Al que confía,Al creyente,
2820,3,Según el refrán ¿a quién la muerte le sabe a gloria?,Al que por su gusto muere,Al que anda a lo loco,Al que tiene limpia la conciencia,Al que quiere descansar,Isabel
2821,3,Según el refrán ¿cuándo algo no hace daño?,Una vez al año,El fin de año,Después del baño,Antes del baño,
2822,3,Según el refrán ¿qué engorda al caballo?,El ojo del amo,La zanahoria,La hierba de Ceballos,El azúcar,
2823,3,Según el refrán ¿qué hace el que tiene padrino?,Se bautiza,Se acomoda,Se supera,Se santigua,
2824,3,Según el refrán ¿qué pasa con el que no se arriesga?,No gana,No quiebra,No falla,No luce,
2825,3,Según el refrán ¿qué se esconde detrás de un extremista?,Un oportunista,Un honorable,Un detallista,Un reprimido,
2826,3,Según el refrán ¿qué tiene cada maestro?,Su librito,Su tiza,Su regla,Su tono,
2827,3,"Si alguien con brusquedad, usando pretextos o ignorándome, se niega a ayudarme o no me resuelve un problema que está en sus manos, digo:",Me planchó,Me pisó,Me envolvió,Me cuadró,
2828,3,"Si digo que ""esa mujer es mi pura"", ella es:",Mi madre,Mi amiga,Mi esposa,Mi profesora,
2829,3,"Si digo que voy a ""hacer el pan"" significa que pienso:",Obtener algo muy bueno de la mejor manera,Trabajar mucho para ganar muy poco,Estar con una mujer gordita,Madrugar todos los días de la semana,
2830,3,Si se te va la guagua de las 12 de la noche ¿te cogió qué?,La confronta,El toque de queda,La calabaza,Lo que anda,
2831,3,"Si solicitas de favor un aventón en un auto o una moto, estás:",Pidiendo botella,Chupando gasolina,Tomando carreras,Buscando picar,
2832,3,Si te gano jugando al dominó sin que puedas anotar ni un punto ¿qué te hice?,Pollona,Paletón,La Guanaja,La Gorda,
2833,3,"Si una eventualidad me trae algo bueno en el momento oportuno, digo que eso:",Me vino como anillo al dedo,Abrió la puerta y entró solo,Voló y se paró en mi hombro,Fue justo como mis zapatos,
2834,3,Soy cubano ¿y qué me pasa?,No puedo ser diferente,Siempre estoy enseñando los dientes,¿Acaso no es evidente?,Me gusta estar con mi gente,
2835,3,"Un ""maceta"" es:",Un tipo con mucho dinero,Un tipo con muy mal cuerpo,Un tipo muy burro,Un tipo muy guapo,
2836,3,Un chamaco es:,Un niño o un joven,Un mono amaestrado,Un pandillero viejo,Un hombre miedoso,
2837,3,Un guateque es:,Una fiesta campesina,Un insecto,Una prenda de vestir,Un río,
2838,3,"""¡Policía! ¡Policía!...""",¿Tú quieres ser mi amigo?,¡Cogió por ahí!,¡Yo no fui!,¿Quién lo ha matado?,
2839,3,"""Cambió de palo"" ¿para qué?",Pa' rumba,Pa' apuntalar,Pa'l relevo,Pa' variar,
2840,3,"""Conmigo no, con...""",La ganga,La fiana,La pana,La banca,
2841,3,"""El que es buen gallo en su gallinero...""",También lo es en el ajeno,Levanta la cresta y guía a los polluelos,No permite que le toquen los huevos,Pone a las gallinas a cantar parejo,
2842,3,"""Flor amarilla, flor colorá...""",Si tienes vergüenza no me hables más,Con esa combinación que mal estás,Una pa' papi y una pa' má,"Si lo piensas lo dices, si no me gusta te vas",
2843,3,"""Guayabita del Pinar"" es:",El nombre de un licor producido en Pinar del Río,El sobrenombre de la pinareña medallista olímpica en salto con pértiga Yarisley Silva,La mascota del equipo de pelotas de Pinar del Río,Un barrio del consejo popular La Guabina en Pinar del Río,
2844,3,"""La gata con espejuelos"" bailaba con... ",Sus zapatos de caramelo,Los ratones ciegos,Un círculo de abuelos,Las chicas de Bamboleo,
2845,3,"""Los Muñequitos de Matanzas"" es:",Una agrupación musical folclórica,Un programa matancero para niños,Una compañía de payasos de circo,Un círculo infantil en La Habana,
2846,3,"""Mami yo soy un loco, un loco con una moto..."" ¿y qué más?","Un loco con celular, celular que tira fotos","Un loco con casa propia, y un jacuzzi donde me alboroto","Un loco con billete, billete pa' que me respeten","Un loco con un almendrón, un escarabajo o un camión",
2847,3,"""Si desecha en menudos pedazos, llega a ser mi bandera algún día, nuestros muertos alzando los brazos...""",La sabrán defender todavía,Llorarán en eterna agonía,Clamarán por tremenda porfía,Sucumbirán ante tal aporía,
2848,3,"""Si mañana me voy pa'l otro lado..."" ¿que me quiten qué?",Lo baila'o,La casa,El carnet,Lo pesa'o,
2849,3,"""Toma chocolate, y...""",Paga lo que debes,Cómete un bizcocho,Duerme la siesta,Prueba que me quieres,
2850,3,"""Yo me mando..."" ¿y qué más?",Me sumbo,Me oigo,Me luzco,Me jubilo,
2851,3,¿Cómo debía ser la República soñada por José Martí?,Con todos y para el bien de todos,Una para todos y todos para una,Con la gracia de Dios Todopoderoso,Una en la América toda,
2852,3,¿Cómo es la fila india?,"De uno en uno, uno detrás del otro",En cuclillas se va avanzando,Uno al lado del otro,"De dos en dos con grupitos de cuatro, un cuarteto detrás del otro",
2853,3,¿Cómo no llaman en La Habana a alguien venido de una provincia oriental?,Oriundo,Nagüe,Palestino,Guacho,
2854,3,¿Cómo se le dice a las chancletas en Oriente?,Cutaras,Bacanas,Chanclas,Palos,
2855,3,¿Cómo se le llama a los contactos que le permiten a alguien disfrutar de favoritismos y ascender con facilidad?,Palanca,Trampolín,Pértiga,Gato,
2856,3,"¿Cómo se les llama a los espacios donde ponen música de los años 60', 70' y 80'?",Disco-tembas,Disco-puros,Disco-pub,Disco-rocking,
2857,3,¿Cómo se les llama a los hombres que se masturban en lugares públicos a costa de personas a las que se acercan sutilmente?,Tiradores o Pajusos,Sacude-guanajos,Jicoteos o Tortugos,Petroleros,
2858,3,"¿Cómo se les llamaba a los ""topes"" sin mangas ni tirantes que en los años 90' fueron tan populares?",Bajichupas,Tiptops,Chupisacas,Paratetis,
2859,3,¿Cómo se llama el equipo de boxeo que representa a Cuba en la Serie Mundial de Boxeo?,Domadores de Cuba,Magma de Cuba,Gallos de Cuba,Alacranes de Cuba,
2860,3,¿Cómo se llama el instrumento de limpieza que se usa para sacar agua de un local inundado?,Haragán,Fisgón,Recogedor,Escurridor,
2861,3,¿Cómo se llama la costra de arroz que se pega al caldero?,Raspa,Tostón,Costrón,Traza,
2862,3,¿Cómo se va en la guagua de San Fernando?,Un ratico a pie y otro caminando,Bailando papi bailando,Lo mismo riendo que llorando,A viva voz orando,
2863,3,¿Con qué se hace el guarapo?,Con caña de azúcar,Con tomate maduro,Con guanábana,Con guayaba,
2864,3,¿Contigo qué?,Pan y cebolla,"Salsa, manguito y cerveza",Yuca na má,Fresa y y chocolate,
2865,3,"¿Cuál de estas características no es propia de Ruperto el de ""Vivir del Cuento""?",Era pelotero del equipo Cuba,Da un paso adelante y dos pa' atrás,Estuvo 28 años en coma,Le gusta Cachita,
2866,3,¿Cuál de estas frases no se usa para saludar?,Qué cosa,Qué bolá,Qué vuelta,Qué hay,
2867,3,¿Cuál de estas frases se usa para señalarle a alguien que se encuentra en una posición de marcada desventaja?,Eso es una lucha de león pa' mono,Ese tramo no lo brinca un chivo,Eres más Paco que Francisco,Tienes el tope en la nariz,
2868,3,¿Cuál de estas orquestas femeninas ha existido por varias generaciones?,Anacaona,Las De Aída,Sexto Sentido,Canela,
2869,3,¿Cuál de las siguientes no es una provincia de Cuba?,Santa Clara,Artemisa,Mayabeque,Las Tunas,
2870,3,¿Cuál de las siguientes palabras se usa en Cuba para nombrar a un amigo?,Consorte,Susanito,Coadjutor,Membrillo,
2871,3,¿Cuál de las siguientes siglas se refiere a una escuela de arte?,ISA,ADA,EVA,UNA,
2872,3,¿Cuál de los siguientes es un conocido diseñador de modas?,Castillo,Paredes,Casas,Roca,
2873,3,¿Cuál de los siguientes lugares se hizo famoso por sus desfiles de moda?,La Maison,El Comodoro,La Cecilia,El Atril,
2874,3,¿Cuál de los siguientes no es un personaje clásico del Teatro Vernáculo Cubano?,La India,El Negrito,El Gallego,La Mulata,
2875,3,¿Cuál de los siguientes no es un popular juego infantil?,Las Cañitas,La Pañoleta,La Suiza,Las Casitas,
2876,3,¿Cuál es el personaje de dibujos animados insignia de Cuba?,Elpidio Valdés,Fernanda,El Capitán Plin,El negrito cimarrón,
2877,3,¿Cuál es el plato tradicional de las fiestas del C.D.R?,La caldosa,Los tamales en cazuela,El cerdo asado,Las papas rellenas,
2878,3,"¿Cuál es el sinónimo de ""gago""?",Tartamudo,Campeón,Galán,Paciente,
2879,3,¿Cuál fue el único atleta cubano que ha ganado en una misma Olimpiada dos medallas de oro?,Alberto Juantorena,Javier Sotomayor,Andrés Cañizábal,Dayron Robles,
2880,3,¿Cuándo hablan los niños?,Cuando las gallinas mean,Cuando les salen los dientes,Cuando tienen hambre,Cuando la castaña florece,
2881,3,¿Cuándo no vale la guayaba verde?,Cuando el mal es de cagar,Cuando el perro se orina,Cuando no está en temporada,Cuando se cae de la mata,
2882,3,¿Cuándo se dice que una bebida está bautizada?,Cuando está aguada,Cuando sabe a gloria,Cuando ha sido bendecida,Cuando tiene gas,
2883,3,¿Cuántos habitantes hay en Cuba aproximadamente?,12 millones,15 millones,9 millones,20 millones,
2884,3,¿Dónde queda la Loma de la Cruz?,En Holguín,En Cienfuegos,En Guantánamo,En Granma,
2885,3,¿En dónde podía encontrarse a La Engañadora?,En Prado y Neptuno,En Monte y Cienfuegos,En Infanta y Malecón,En Prado y Cárcel,
2886,3,¿En dónde quieren meter La Habana?,En Guanabacoa,En la Isla,En Regla,En Batabanó,
2887,3,¿En dónde se celebran los carnavales de La Habana?,En el Malecón,En Prado,En la Ave. del Puerto,En Paseo,
2888,3,¿Me da lo mismo chicha que qué?,Limoná,Jamón,Manteca'o,Chicharrón,
2889,3,¿Para qué se usa el azabache?,Pa' espantar el mal de ojo,Pa' conseguir pareja,Pa' ahuyentar mosquitos,Pa' sazonar los frijoles,
2890,3,¿Para qué sirve la hierba santa?,Pa' la garganta,Pa' la barriga,Pa'l corazón,Pa'l mal de amor,
2891,3,¿Por qué el negro no quiere que le toquen la puerta?,Porque está cocinando,Porque está durmiendo,Porque está acompañado,Porque debe dinero,
2892,3,"¿Por qué es ""cuchara"" el que no decide na'?",Porque ni pincha ni corta,Porque es cóncavo,Porque te saca los ojos,Porque se utiliza a conveniencia,
2893,3,¿Por qué le puse al gatico Vinagrito?,Por estar feo y flaquito,Porque comía ensalada,Por tener ojitos tristes,Por apestoso,
2894,3,"¿Por qué se caracteriza una persona ""fronteriza""?",Por ser bruta,Por ser de las afueras de la ciudad,Por ser guardacostas,Por ser traidora,
2895,3,¿Qué decimos que perdemos si cambiamos por quimbombó a una persona indeseable?,La baba,La cáscara,Las malas semillas,Las ganas de comer,
2896,3,¿Qué decimos que se come cuando no hay pan?,Casabe,Queso,Cerelá,Galletas,
2897,3,¿Qué dicen las muchachas cuando ven el maquinón?,"Vamos al túnel mi vida, vamos al túnel mi amor","Ni lo pienses mi vida, ni se te ocurra mi amor","Si me quieres mi vida, llévame al Malecón","Cariño de mi vida, avanza a todo motor",
2898,3,"¿Qué es ""el moropo""?",El cerebro,El trasero,La barbilla,La barriga,
2899,3,¿Qué es despelotarse?,"Gozar al máximo, liberarse generalmente bailando y olvidarlo todo","Caer por una ladera con violencia, ir dando tumbos",Pelear con una persona y agredirla físicamente,Gastar más dinero del que se debe en cosas que no son necesarias,
2900,3,"¿Qué es un ""guayabito""?",Un ratón pequeñito,Un coctel a base de ron y jugo de guayaba,Un casquito de guayaba,Un tipo de trompo,
2901,3,"¿Qué es un ""guineo""?",Un plátano,Un aguacate,Un boniato,Un coco,
2902,3,"¿Qué es un ""reverbero""?",Una cocinita que funciona con alcohol,Una persona que vende ungüentos naturales,Una cafetería de mala muerte,Una pieza de cobre de la orfebrería tradicional,
2903,3,¿Qué es un Bichón Habanero?,Un perro,Un escarabajo,Un policía,Un chulo,
2904,3,¿Qué es un timbre?,Una pistola,Una prenda,Una botella,Una chismosa,
2905,3,¿Qué es un yiti?,Un pescozón,Un personaje mítico que vive en los campos,Un automóvil todo terreno descapotable,Un beso,
2906,3,"¿Qué es una ""guasabita"" o ""uazabita""?",Una van o furgoneta que suele ser de color verde marca UAZ,Una hormiga brava que suele vivir en las matas de guayaba,Una motocicleta rusa marca GAZ que por error algunos creen que fue fabricada por UAZ,"Una mujer que cae pesada por estar siempre en el ""guasabeo""",
2907,3,¿Qué frase se puede usar tanto para describir a una persona hiperactiva como a una situación complicada?,Es candela y pica pica,Es un mono suelto,Es un parto,Es un bólido,
2908,3,¿Qué hace la escobita nueva?,Barre bien,Pierde los pelos,Hace brillar el suelo,Huele divino,
2909,3,¿Qué le dicen a Matojo?,"Nadador, necesitamos un nadador","Médico, necesitamos un médico","Diseñador, necesitamos un diseñador","Mecánico, necesitamos un mecánico",
2910,3,"¿Qué le pasa a una mujer que ""quedó para vestir santos""?",Se quedó solterona,Se enamoró de un pastor,Cose para una iglesia,Tiene hijos bobos,
2911,4,¿Qué no hay que buscarle al gato?,La quinta pata,Las pulgas,Los ratones,El órgano genital,
2912,4,¿Qué no quiero?,Llanto,Lástima,Honores,Amigos,
2913,4,¿Qué no quita lo cortés?,Lo valiente,El apetito,Lo feo,Lo mal hecho,
2914,4,"¿Qué no significa ""estar en la lucha""?",Estar buscando problemas,Estar en el invento para buscarse la vida,Estar trabajando,Estar resolviendo problemas como parte de la rutina diaria,
2915,4,¿Qué no significa fajarse en Cuba?,Burlarse o hacer maldades,Liarse a golpes,Discutir acaloradamente,Hacer tareas trabajosas o resolver problemas,
2916,4,¿Qué no significa hacerse el desentendido?,Hacerse el yonqui,Hacerse el bobo,Hacerse el loco,Hacerse el largo,
2917,4,¿Qué quiere el bobo de la yuca?,Se quiere casar,Comer congrí,Salir a pasear,Comer yuca,
2918,4,"¿Qué significa ""arratonarse""?",Acobardarse,Espabilarse,Escaparse,Jactarse,
2919,4,"¿Qué significa ""cacharrearse""?",Pisar excremento de perro,Subir de peso muy rápido,Enredarse con tareas hogareñas,Romperse un hueso,
2920,4,"¿Qué significa ""Coger mangos bajitos""?",Obtener algo sin pasar trabajo,Enamorar a hombres o mujeres mucho más jóvenes que uno,Pasar por una mala situación económica,Ser discreto para tratar de no llamar la atención,
2921,4,"¿Qué significa ""Estar en las musarañas""?",Andar distraído y no prestar atención,Estar en varios negocios ilícitos,Andar con mujeres a las que sólo les interesa tu dinero,Estar a la defensiva imaginando que alguien quiere hacerte daño,
2922,4,"¿Qué significa ""tirar piedras""?",Intentar adivinar,Lanzar acusaciones,Beber excesivamente,Trabajar duro,
2923,4,¿Qué significan las siglas ENA?,Escuela Nacional de Arte,Escuela Nacional de Administración,Empresa Nacional de Autopistas,Empresa Nacional de Aeronáutica,
2924,4,¿Qué suele hacerse en las casas de puntal alto para ganar espacio?,Barbacoas,Tendederas,Áticos,Balcones,
2925,4,"¿Qué te dice el cubano cuando le prometes y no le cumples, o sospecha que no le vas a cumplir?",Estás inflando,Estás bufando,Estás remando,Estás burbujeando,Karlos
2926,4,"¿Qué tengo yo, que es más que lo que tiene ""el leopardo""?",Un buen amigo,Un tesoro en oro,Un verdadero amor,Un bardo cantor,
2927,4,¿Qué tiene que comprar Catalina?,Un guayo,Unos espejuelos,Un calzoncillo,Un almendrón,
2928,4,¿Qué tiene un niño muy inquieto?,Jiribilla,Santanilla,Calderilla,Burriquilla,
2929,4,"¿Quién es conocida como ""La Guarachera de Cuba""?",Celia Cruz,Haila,Juana Bacallao,Gloria Estefan,
2930,4,"¿Quién es la ""Prima Ballerina Assoluta"" del Ballet Nacional de Cuba?",Alicia Alonso,Loipa Araújo,Viengsay Valdés,Anette Delgado,
2931,4,¿Quién le dio a Borondongo? ,Songo,Bernabé,Mongo,Bartolomé,
2932,4,“Aunque la vistan de seda...”,Mona se queda,Solterona la dejan,Ná se le pega,Sufre su pena,
2933,4,“Caballo grande...”,Ande o no ande,Aunque se espante,Pa' lucir galante,Pa' las yeguas de Diomedes,
2934,4,“Tumba catao...” ,Y pon quinqué,Y estira los pies,Y empieza a correr,Y escóndete,
2935,4,“Yo te toco y tú me tocas...”,A bailar el toca toca,Si te veo sola loca,Eres fresca como pocas,Juntemos nuestras bocas,
2936,4,A los perros de la calle o con dueño pero que no son de raza se les llama:,Satos,Viralatas,Vagabundos,Pulgosos,
2937,4,"Al que no quiere caldo, ¿qué se le da?",Tres tazas de caldo,Tasajo de chiva,Tamal en cazuela,Sopa con fideos por absorbente,
2938,4,"Aunque el asiático sea vietnamita, muchos cubanos le dirán:",Chino,Coreano,Japonés,Filipino,
2939,4,"Aunque el español sea catalán, muchos cubanos le dirán:",Gallego,Canario,Asturiano,Vasco,
2940,4,"Completa el nombre del famoso programa radial ""Alegrías ...""",De sobremesa,Veraniegas,Infantiles,De mañana,
2941,4,Completa la frase: “Niña saluda a...”,Tu novio,Tu tía,Tu padre,Tu maestra,
2942,4,"Cuando un hombre asegura ser ""único e inigualable"" te dice ""Si ves a otro como yo...""",Túmbalo que es de cartón,Revísalo bien y descubre tu error,Ponte espejuelos que soy yo,Estamos en el 2020 y andamos clonando gente,
2943,4,El Poeta Nacional de Cuba es:,Nicolás Guillén,Rubén Martínez Villena,José María Heredia,El Indio Naborí,
2944,4,El Polivit es:,Un suplemento vitamínico,Un tipo de plástico,Un complejo industrial,Un tipo de edificio de viviendas,
2945,4,El prú es:,Oriental,Pinareño,Habanero,Avileño,
2946,4,El que hizo la ley ¿qué también decimos que hizo?,La trampa,La constitución,El orden,El castigo,
2947,4,El que tiene mala puntería apunta pa'l Morro ¿Y tira para dónde?,Pa' la Cabaña,Pa' la Puntilla,Pa' Miami,Pa' La Isla,
2948,4,El sombrero guajiro es de:,Guano o yarey,Cuero de buey,Cáñamo,Hojas de caña,
2949,4,"En ""Los Papaloteros"" ¿qué le decían a Cutú Cutú?",¡Corre!,¡Salta!,¡Batea!,¡Trepa!,
2950,4,En La Habana puedes ir de compras por el Boulevard de: ,San Rafael,San Leonardo,San Nicolás,San Marcos,
2951,4,"Frase que se usa de forma similar a la frase ""Qué clase de lucha"" para referirse a un problema o dificultad:",Qué clase de candanga,Qué clase de burundanga,Qué clase de songonera,Qué clase de mondonguera,
2952,4,"La ""Gitana Tropical"" es:",Una pintura de Víctor Manuel García,Un poema de Cintio Vitier,Una escultura de Marta Arjona,Un libro de Alejo Carpentier,
2953,4,"La carretera que une La Habana con la ciudad de Matanzas hasta Varadero, es:",Vía Blanca,Vía Rápida,Vía Azul,Vía Costanera,
2954,4,La isla de Cuba se extiende desde el Cabo de San Antonio hasta:,La Punta de Maisí,Punta Cana,Punta Gorda,La Punta de la Sierra,
2955,4,Los aborígenes en Cuba preparaban con la yuca:,Casabe,Tamal,Guacamole,Puré,
2956,4,Los Merolicos son:,Vendedores ambulantes,Titiriteros,Una comparsa,Anilladores de tabaco,
2957,4,"Los mira-mira son de Palmira, ¿y los de Placetas que son?",Mira-tetas,Come-croquetas,Macetas-Macetas,Setas-Violetas,
2958,4,Máximo Gómez nació en:,Santo Domingo,Santiago de Cuba,San José,San Juan,
2959,4,"No hay que llorar, pues las penas se van cantando, ya que la vida es:",Un carnaval,Un carrusel,Un festín,Un jolgorio,
2960,4,Nombre de una bebida alcohólica de muy mala calidad y procedencia dudosa:,Guarfarina,Diamantina,Galena,Hidrofena,
2961,4,Para hacer chicharritas ¿qué tipo de plátano puedo usar?,Macho y Burro,Macho y Penco,Penco y Mongo,Burro y Mongo,
2962,4,Por qué se caracterizaba El Bacán:,Por ser trajinado por su mujer,Por seducir muchas mujeres,Por inseminar vacas,Por ser muy gordo,
2963,4,Según dice una canción ¿qué hay en La Habana?,Una pila de locos,Una pila de orientales,Una pila de bicitaxis,Una pila de jebitas,
2964,4,"Según el refrán ""Más vale tarde que...""",Nunca,Ahora,Frío,Malo,
2965,4,Según el refrán ¿hasta la sepultura qué?,Genio y figura,Dinero y ricuras,Glamour y postura,Ron y frituras,
2966,4,Según el refrán ¿qué no mata soldados?,La guerra avisada,El combate evadido,La mala comida,El buen general,
2967,4,Según el refrán ¿qué pasa cuando una puerta se cierra?,Otra se abre,Te coge el dedo,Nunca más se abre,Debes preocuparte,
2968,4,Según el refrán ¿qué rompe el saco?,La avaricia,La envidia,La trampa,La pereza,
2969,4,Según el refrán ¿qué vale más que lamentar?,Precaver,Olvidar,Perdonar,Escapar,
2970,4,Según el refrán “Del dicho al hecho...”,Va un buen trecho,Está la acusación de cohecho,Aparta el despecho,Ordena tus pertrechos,
2971,4,"Si algo es muy antiguo, decimos que: ""Es más viejo...""",Que andar a pie,Que andar encuero,Que estornudar,Que ir al baño,
2972,4,"Si algo resulta distinto a lo que pensábamos, o más complicado, decimos:",Eso son otros 20 pesos,Hay que darle otra vuelta a la tortilla,Pon otro plato en la mesa,Ya eso no vale bula,
2973,4,"Si andas en la bobería ¿qué ""estás comiendo""?",Lo que pica el pollo,Lo que cocina Rolo,Huevos de codorniz,Semillas de ajonjolí,
2974,4,"Si digo ""es un vacilón"" en Cuba ¿a qué me refiero?",A un fiestón o a un tipo al que considero divertido,A un problema o a un tipo al que considero descarado,A una duda o a un tipo al que considero muy inseguro,A un ventilador o a un aire acondicionado portable,
2975,4,"Si digo ""qué chévere"", significa:",Qué bien,Qué mentira,Qué bobería,Qué susto,
2976,4,Si el bruto se cae ¿qué come?,Yerba,Caca,Almendras,Piedra,
2977,4,"Si eres alardoso y dices ser más de lo que realmente eres, o tus palabras no acompañan tus actos ¿qué digo que  eres?",Más rollo que película,Perica con complejo de navaja suiza,Menos uranio y más empobrecido,Chivo que se la da de oveja,
2978,4,Si estás como a ti te gusta ¿cómo dicen que andas?,A tu aire,Con margen de ventaja,Sin límite de crédito,Con la marea,
2979,4,Si me gusta lo que haces o me caes bien ¿qué te digo?,Como te descargo,Como me motivas,Como te soporto,Como me arrastras,
2980,4,Si sólo tengo agua y azúcar ¿qué me puedo preparar?,Un buen milordo,Un té frío,Un cocimiento ,Un prú,
2981,4,"Si te digo que te des ""un toque"" ¿qué quiero que hagas?",Que bebas conmigo o que pruebes algo,Que te arregles la ropa o que te peines,Que te des con un canto en el pecho o que te alegres de algo,Que recapacites sobre tus errores o que pienses mejor lo que hicistes,
2982,4,"Si te doy ""un teque"" ¿qué te hice?",Te di tremenda cháchara,Te di un café viejo,Te di tremenda fiesta,Te di guacha y guaracha,
2983,4,"Si te tocó perder en una determinada situación de la vida, salistes mal parado en un momento dado o te sucedió algo negativo ¿qué dices?",Me tocó bailar con la más fea,Me atacó por todos los frentes,Me dijo que era chuleta y resultó ser picadillo,Me vino mal y recta,
2984,4,"Si tenemos una tiza y una lata escachada o ""chapa"" ¿a qué podemos jugar?",Al Pon,Al Burrito 21,Al Quema'o,Al Policía y el ladrón,
2985,4,Si una persona es pesada o desagradable le llamarán:,Bofe,Molleja,Mondongo,Tripa,
2986,4,Si vas a chapear necesitas un:,Machete,Pincel,Soplete,Cincel,
2987,4,Sinónimo de camarada:,Compañero,Camarero,Colchonero,Carpetero,
2988,4,Sinónimo de chisme:,Brete,Treta,Carpa,Parte,
2989,4,Sinónimo de choza o cabaña:,Bajareque,Jerga,Travesaño,Hura,
2990,4,Sinónimo de geta:,Cara,Cuerpo,Voz,Olor,
2991,4,Sinónimo de trabajo:,Curralo,Garbo,Bomba,Tienda,
2992,4,Tú le dices a tu mami que quieres saber lo que tiene ¿quién?,El negro,El ruso,El yuma,El jabao,
2993,4,"Un ""riquimbili"" es:",Una bicicleta con motor,Un trompo con la punta chata,Un papalote con cuchillas,Una chivichana con cascabeles,
2994,4,"Una fiesta que termina en pelea, ¿cómo se dice que terminó?",Como la fiesta del Guatao,Como el bombazo,Como en un ring de boxeo,Como una carga al machete,
2995,4,"""¿Qué le pasa a la mariposa...?""",Que no se posa en la flor de la calabaza,Que no le gustan las rosas,Que está medio chocha,Que sigue a la reina de la comparsa,
2996,4,"""Coger tremendo peo"" significa:",Emborracharse,Empacharse,Encabronarse,Espabilarse,
2997,4,"""Duérmete niño, duérmete ya...""",Que viene el Coco y te comerá,Que junto a ti dormirá mamá,Que hasta la Luna se quiere acostar,Que el Chupacabra te va a encontrar,
2998,4,"""Lápiz, cartilla, ...""",Manual,Goma,Regla,Compás,
2999,4,"""Y para el cruel que me arranca el corazón con que vivo"" ¿qué cultivo?",Cultivo la rosa blanca,Cardo y ortiga cultivo,Cardo y orugas cultivo,Cultivo ,
3000,4,"""Yo soy normal, natural, pero.."" ¿qué más?",Un poquito acelera'o,Un poquito desboca'o,Un poquito loco,Un poquito penco,
3001,4,¿A dónde va la cojita?,Al campo a buscar flores,Al ortopédico,A buscar novio,A cocinar frijoles,
3002,4,"¿A qué ""se le da la patada"" cuando se tiene una gran idea?",A la lata,Al contén,Al latón,Al marido,
3003,4,¿A quiénes en Cuba se les da fama de bobos aunque no lo sean? ;),A los pinareños,A los holguineros,A los rubios,A los espirituanos,
3004,4,¿Cómo hay que estar?,Arriba de la bola,Arriba de la montaña,Arriba de los trapos,Arriba de los cascos,
3005,4,"¿Cómo hay que llegar ""a la escuela""?",Puntual,Sexy,Con la tarea hecha,Con el uniforme bien puesto,
3006,4,¿Cómo le decimos a un niño que es hiperactivo?,Bola de humo,Hijo de diablo,Chinche maldito,Tormenta tropical,
3007,4,¿Cómo le decimos también al dinero?,Guaniquiqui,Pericletos,Faricuantis,Samosini,
3008,4,"¿Cómo le dicen al personaje principal de ""Vampiros en La Habana""?",Pepito,Paquito,Pedrito,Panchito,
3009,4,"¿Cómo le llaman popularmente, por su forma, al edificio del Memorial José Martí?",La raspadura,El diamante,El mantecado,La glorieta,
3010,4,¿Cómo llamaban los comentaristas deportivos a Alberto Juantorena cuando competía?,El Elegante de las Pistas,El Machucador del Ring,El Mago de la Pértiga,El Bate de Acero,
3011,4,¿Cómo no se le dice popularmente a una persona que es considerada insoportable por su carácter?,Leche cortada,Buche de perro,Batido de mandarria,Hígado,
3012,4,¿Como quién voló?,Como Matías Pérez,Como una paloma,Como el Médico de la Salsa,Como un globo,
3013,4,"¿Cómo se dice ""estoy en prisión""?",Estoy en cana,Estoy en banda,Estoy en banca,Estoy en zona,
3014,4,¿Cómo se le llama a la leche condensada quemada al Baño María o en olla a presión?,Fanguito,Chele,Pacaleca,Caramelín,
3015,4,¿Cómo se le llama a un beso muy largo y con lengua?,Un mate,Un chupi,Un mojo,Un siseo,
3016,4,"¿Cómo se les llama a los hombres que espían a mujeres por ventanas o resquicios para verlas en ropa interior, desnudas o en su intimidad?",Mira huecos o Rescabucheadores,Hombres-rana,Barrenos u Ojúos,Noctívagos,
3017,4,¿Cuál de las siguientes no es una marca de Habanos?,Criollo,Romeo y Julieta,Montecristo,Cohiba,
3018,4,¿Cuál de las siguientes palabras no se usa para referirse a un fulano?,Menda,Ciclano,Andoba,Esperancejo,
3019,4,¿Cuál es el famoso coctel cubano que se prepara con hierbabuena?,El Mojito,El Daiquirí,El Cuba Libre,El Canchánchara,
3020,4,¿Cuál es el nombre del famoso conductor de apellido Acanda?,Julio,Tulio,Braulio,Claudio,
3021,4,¿Cuál es la acera de los bobos?,La acera en la que da el sol,La acera que está frente a la escuela,La acera en la que vives tú,La acera que mide menos de medio metro,
3022,5,¿Cuándo se despierta el Cucumí?,Los domingos,Los lunes,Los sábados,Los miércoles,
3023,5,¿Cuando uno se manda a correr qué se dice que hizo?,Echar un patín,Echar un polvo,Echar un palo,Echar un peo,
3024,5,¿Cuántos son los cantantes en el grupo Ángeles?,Tres,Cinco,Siete,Dos,
3025,5,¿De dónde viene una persona que siempre está tarde?,De Morón,De Tarde en Casa,De Madruga,De Varadero,
3026,5,¿De quién era la gatica que tiraba la piedra y escondía la mano?,De María Ramos,De Genaro,De Sergio Ramos,De Galano,
3027,5,"¿De quién es ""El baile del buey cansa'o""?",De los Van Van,De Sindo Garay,De Alejandro García Caturla,De NG La Banda,
3028,5,¿Dónde está algo que queda muy lejos?,Donde el diablo dio las tres voces,Donde el vicario se persignó,Donde se quedó muda la mula,Donde César cruzó el Rubicón,
3029,5,¿Dónde nació Benny Moré?,Santa Isabel de las Lajas ,San Antonio de los Baños,Santa María del Porvenir,San Miguel del Padrón,
3030,5,¿En cuál de estas guerras Cuba participó?,Guerra de Angola,Guerra del Golfo,Guerra del Chaco en Bolivia,Guerra de Afganistán,
3031,5,"¿En qué forma viene la famosa ""proteína vegetal""?",En picadillo,En salchichas,En croquetas,En píldoras,
3032,5,¿Pa' dónde tira el guajiro?,Pal' monte igual que la cabra,Pa' la capital obviamente,Pa' primera siempre,Pal' hijo macho,
3033,5,"¿Por qué da la ""punzá del guajiro""?",Por tomar agua muy fría,Por montar mucho a caballo,Por comer mucho y rápido,Por ver muy cerca la televisión,
3034,5,"¿Por qué se caracteriza un ""gandido""?",Por ser tragón y negarse a compartir la comida,Por tener muchas mujeres detrás,Por ser seguidor de Mahatma Gandhi,Por permitir que lo maltraten,
3035,5,"¿Por qué se caracteriza una persona ""pantallosa""?",Por hacer gran alarde de cualquier cosa,Por trabajar en el cine o la televisión,Por acusar a otros de sus maldades,Por desaparecer con facilidad,
3036,5,¿Por qué todo el mundo a ti te grita ¡Pepe Cabecita!?,Porque tienes la cabeza de elefante,Porque tienes la cabeza de hormiguita,Porque tienes la cabeza dura,Porque tienes la cabeza caliente,
3037,5,¿Qué animal propuso Buena Fé declarar Mamífero Nacional?,El puerco,La jutía,El manatí,La mangosta,
3038,5,¿Qué ciudadanía tienen mayoritariamente muchos cubanos residentes en Cuba además de la cubana?,Española,Rusa,Mexicana,Estadounidense,
3039,5,¿Qué debes hacer con el agua que no has de beber?,Déjala correr,Envásala,Hiérvela bien,Véndela,
3040,5,"¿Qué decía Loppi al ""Camaroncito duro...""?",Sácame del apuro,Te quiero comer con salsa,Échale limón,Dame un millón,
3041,5,¿Qué decimos cuando alguien pierde la compostura?,Se botó pa'l solar,Se le partió el tacón,Se le olvidó el francés,Se acordó de los suyos,
3042,5,¿Qué decimos cuando queremos reafirmar una idea o estamos seguros de una previsión que hacemos?,Ponle el cuño,Ponle un marco,Ponle la cruz,Ponle mi nombre,
3043,5,¿Qué dices de alguien que no te simpatiza ni un poco?,No es santo de mi devoción,Yo no voy a ese cajero ni por dinero,Por mí descárgalo,Ni aunque fuera chocolate lo pienso,
3044,5,"¿Qué es ""la bolita""?",Un juego de azar,Un baile infantil,Un deporte amateur similar al softball,Un plato tradicional de la cocina cubana,
3045,5,¿Qué es el changüí?,Un género musical,La representación de una deidad yoruba ,Un sillón de mediano tamaño,La desembocadura de un río,
3046,5,"¿Qué es un ""garabato""?",Un palo que naturalmente en la punta forma un gancho y se usa para apartar la hierba al chapear,Un dulce de leche que se divide en pequeñas porciones cubiertas con almíbar caramelizado,Un Sacerdote de Ifá que abandonó la religión y ya no cumple con sus ancestros,Un triciclo que remolca un pequeño carretón usado para transportar y vender pan o verduras,
3047,5,"¿Qué es un ""laguer""?",Una cerveza,Un premio,Una multa,Un pan,
3048,5,"¿Qué es un ""timbiriche""?",Un kiosko improvisado o no donde se vende comida u otras cosas,Un ritual religioso que se celebra para agradar a los orishas,Un pez de aguas poco profundas que suele pescarse en la costa,Un perro pequeño parecido al chiguagua,
3049,5,¿Qué es un chapistero?,"Un hombre que arregla la carrocería de los autos y los pinta, a veces es también mecánico","Un hombre que se dedica a recolectar latas, botellas y cartones para venderlos como materia prima",Un pájaro de plumas blancas y grises que bajo el sol así como bajo la luna brilla como la plata,Un pájaro endémico de la Isla de La Juventud que suele verse jugando con las piedras en las playas de arena negra,
3050,5,¿Qué es un despelote?,Una gozadera o una bronca,Un dolor de cabeza o un mareo,Una apuesta muy arriesgada ,Un giro sorpresivo del destino,
3051,5,¿Qué frase usamos normalmente para expresar nuestra inconformidad con algo?,¡Qué cosa más grande caballero!,¡Qué chispa soltó ese tren mi ángel!,¡Qué guachineo por dios!,¡Qué clase de cajón señores!,
3052,5,¿Qué hace la gente que te dice que no cree en na'?,Van a consultarse por la madruga',"Gozan, dilapidan, y luego piden perdón papal",Piden a la Virgen pero también a Obbatalá,Tiran cascarilla por aquí y por allá,
3053,5,"¿Qué hace una mujer que ""está en el fuego""?",Se prostituye,Hace brujerías,Hace la comida,Se divorcia,
3054,5,"¿Qué hay ""en la costa""?",Moros,Un tiburón,Un hombre rana,Basura,
3055,5,¿Qué le pasa a La Habana?,No aguanta más,Se hunde,Está en llamas,Se quedó seca,
3056,5,"¿Qué le sigue a ""Ae, Ae, Ae...""? ",La chambelona,La batidora,Las cuarentonas,Las juguetonas,
3057,5,¿Qué me dices si quieres que espere un rato?,Haz una media,Haz un cuarto,Haz un salto,Haz un tiro,
3058,5,¿Qué no es una tradición hacer el 31 de diciembre?,Abrir y cerrar la puerta de la calle doce veces,Tirar a la calle un cubo de agua y/o un huevo,Besar a nuestros seres queridos y brindar con ellos,Quemar un muñeco que representa el año viejo,
3059,5,"¿Qué personaje humorístico de la televisión cubana solía decir  ""Ele Ele A, Lla""?",Boncó Kiñongo,Antolín el Pichón,Margot,Mary Conchy,
3060,5,¿Qué pierde el que se pone bravo o furioso?,La tabla,El rosario,Los dientes,La bolsa,
3061,5,¿Qué quiere el que se casa?,Casa,Anillos,Padrinos,Misa,
3062,5,"¿Qué se hace con el burro ""ahí mismito"" donde se cae?",Se le dan los palos,Se le jalan las orejas,Se deja tirado,Se cambia por otro,
3063,5,"¿Qué se hace cuando hay un ""plan de la calle""?",Se bloquea la calle por ambos lados para hacer juegos y celebrar,Se llama a la policía para que recoja a los vagos,Se inician importantes obras de construcción o de restauración,Se ponen de acuerdo los vecinos para invertir en un negocio local,
3064,5,"¿Qué significa ""hacerse el sueco""?",Hacerse el desentendido o fingir no saber de algo,Hacerse el inteligente y hablar sin saber,Fingir no tener ascendencia africana,Pretender avanzar en la vida solo por su cara bonita,
3065,5,¿Qué te digo si quiero que me acompañes a algún sitio o que me hagas compañía en un lugar?,Hazme la pala,Hazme la escuadra,Hazme la ronda,Hazme la calle,
3066,5,¿Quién era el protagonista de Su Propia Guerra?,El Tabo,El Gato,El Lele,El Nene,
3067,5,¿Quién nunca ha formado parte del panel de Escriba y Lea?,Osmani García,La Doctora Ortiz,Ángel Pérez Herrero,Félix Julio,
3068,5,"¿Quién se caracteriza por decir durante sus canciones ""¡Viste lo que te dije!""?","Arnaldo, de Arnaldo y su Talismán","Amarais, de Manolito Simonet y su Trabuco","Maykel, de Maykel Blanco y su Salsa Mayor","Adalberto, de Adalberto Álvarez y su Son",
3069,5,¿Quién tiene la culpa de todo?,El totí,El cuervo,La tiñosa,El azulejo,
3070,5,¿Quiénes mueven la cintura y los hombros igualito que las cubanas?,Las mexicanas,Las alemanas,Las dominicanas,Las italianas,
3071,5,"“Mariquita, mariquita...” ",Lo que se da no se quita,Mira que tienes salsita,Cómprate una faldita,No me jales las trencitas,
3072,5,A los CUC se les llama también:,Chavitos,Cuquitas,Culíes,Coquitos,
3073,5,"Carlos Enríquez tiene un famoso cuadro titulado ""El Rapto de...""",Las mulatas,Las señoritas Aldama,Catalina Laza,Mi linda guajira,
3074,5,"Completa el nombre del conocido programa radial: ""Disco...""",Fiesta 98,Radio 99,Temba 97,Ciudad 96,
3075,5,"Completa la canción infantil: ""¡Fuera!¡Fuera!...""",Zángano del colmenal,Zorro del gallinero,Sapo del matorral,Sinsonte del campo,
3076,5,Completa la frase: “Hasta la vista...”,Compay,Baby,Nena,Mami,
3077,5,Cuando las cosas se complican con un trámite ¿qué película recordamos?,Muerte de un burócrata,Memorias del Subdesarrollo,De cierta manera,Una pelea cubana contra los demonios,
3078,5,"Cuando un cubano le dice a otro ""la partimos"" ¿qué quiere decir?",Lo logramos,Nos embarcamos,Corrimos un riesgo,Nos fuimos,
3079,5,Cuando una situación desagradable empeora ¿qué decimos?,Fue de Guatemala para Guate-peor,Fue de Granada a Gra-cero,Fue de Bután a Bu-tín,Fue de Bahamas a Baha-menos,
3080,5,El caballo de Elpidio Valdés se llama:,Palmiche,Loreto,Campeón,Trueno,
3081,5,El equipo de pelota de Santa Clara si identifica con:,Una naranja,Un tren,Un delfín,Una avispa,
3082,5,"El personaje de Pilar aparece en el poema titulado ""Los zapaticos de...""",Rosa,Caramelo,Plástico,Pilar,
3083,5,En Cuba para llamar a un amigo no se usa la frase:,Mi pana,Mi ambia,Mi socio,Mi yunta,
3084,5,"En Elpidio Valdés un personaje suele decir ""En la próxima aventura lo haremos...""",Puré de talco,Pastica de muñequito,Papilla,Confeti,
3085,5,"En la canción donde se oye ""Chu-Chu A, Chu-Chu A, pasa el tren por el terraplén"" ¿qué dicen del maquinista?",Manejando es un artista,"Acelera, va con prisa",Alegra los campos con su risa,No le teme a la ventisca,
3086,5,"La palabra ""guataca"" no se usa para referirse a:",Cualquier vehículo de más de 3500kg o equipo pesado utilizado en la construcción,"Una herramienta utilizada en la agricultura o en la construcción para remover tierra, cemento, etc.","Cualquiera de las dos orejas de una persona, especialmente si son grandes",Una persona que hace de todo por agradar a su jefe y lo alaba exageradamente,
3087,5,La Ropa Vieja es un plato que se hace con:,Carne de res ripiada,Pellejo de puerco,Harina de maíz cocinada dentro de calcetines,Hojas de plátano,
3088,5,"Las ""puyas"" son:",Zapatos de tacón fino muy altos,Insinuaciones malintencionadas ,Joyas falsas de color dorado,Uñas postizas,
3089,5,"Los ""popis"" son:",Los tenis,Las mascotas,Las nalgas,Los primos,
3090,5,Los Matamoros eran:,Un trío,Un dúo,Un quinteto,Un cuarteto,
3091,5,"Según el piropo: ""Si tú cocinas como caminas...""",Me como hasta la raspa de tu comida,Comer tus casquitos me gustaría,Me dejo amasar por ti y por tus primas,Méteme en el horno aunque me derrita,
3092,5,Según el refrán ¿qué pasa con el que la sigue?,La consigue,La persigue,La asusta,La pierde,
3093,5,Según el refrán ¿qué sale caro?,Lo barato,Lo codiciado,Lo mejor,Lo exclusivo,
3094,5,"Según una canción de NG La Banda, si estás mirando a todo el que te pasa por al lado ¿qué pareces?",Un ventilador,Un diapasón,Un yo-yo,Un péndulo,
3095,5,"Si ""repellas"" a alguien ¿qué le estás haciendo?","Te le estás pegando sutilmente o no para obtener placer, generalmente en un lugar público","Lo estás maquillando pero exageradamente, usando cosméticos en exceso",Te lo estás comiendo a mentiras para lograr que haga algo por ti o sacarle dinero,Lo estás educando para que sea mejor persona y tenga más cultura,
3096,5,"Si ""te dieron el bate"" ¿qué te pasó?",Te botó tu pareja,Tú botaste a tu pareja,Tú mandas en la relación de pareja,Tu pareja es quien manda en la relación,
3097,5,Si algo se nos da con mucha facilidad decimos que fue:,Jamón o Jamonete,Chuleta o Chuletón,Aceituna sin Hueso,Huevo Frito,
3098,5,Si empiezo con Cúcara y Mácara ¿quién fue?,Títere,Teté,Chánchara,Maité,
3099,5,"Si estás ""pepillo pepillo"" ¿cómo andas?",A la moda,Muy borracho,Loco enamorado,Con peste,
3100,5,"Si las cosas no son como tú piensas, te recuerdo que:",El chicharrón no es carne,El conejo sabe a pollo pero no lo es,El pez aún no es pescado,No solo da leche la vaca,
3101,5,Si me hiciste una pregunta para la cual no tengo respuesta o me explicaste algo que no entendí ¿qué te digo?,Me dejaste en China,Me diste veinte vueltas,Me cambiaste de carrera,Me tiraste por la tangente,
3102,5,Si me repites lo mismo muchas veces ¿qué te pido?,Que dejes la matraca,Que le des la vuelta a la manzana,Que te tomes 5 minutos,Que endereces la veleta,
3103,5,"Si me sorprende lo que me cuentas, te diré:",¡Qué clase de talla!,¡Sor Juana presa! ¡Qué sorpresa!,¡Qué clase de mono!,¡Qué sorpresa! ¡La niña se expresa! ,
3104,5,Si quieres hacer algo de forma impulsiva ¿qué te aconsejarán para disuadirte?,Que no te tires con la guagua andando,Que mires primero el parte del tiempo,Que mejor te aferras al Tiovivo,Que no intentes el pas de deux,
3105,5,"Si te digo ""dale especula"" ¿qué quiero que hagas?",Que ostentes,Que hagas dinero,Que mientas,Que te vayas,
3106,5,"Si te digo ""métele caña a ese motor"" ¿qué quiero que hagas?",Que empieces a arreglar el motor,Que empieces a tomar cerveza,Que empieces a hacer guarapo,Que empieces a bailar,
3107,5,"Si te gritan ""¡Se te queman los frijoles!"" ¿qué te está pasando?","Tienes la parte de atrás de la saya, el pantalón o el vestido metido entre las nalgas",Llevas mucho tiempo de visita en una casa y con esta broma te están sugiriendo educadamente que ya es hora de que te vayas,Estás embarazada y tienes una barriga tan grande que parece que vas a tener cuatrillizos,Sientes envidia de alguien y se te nota en la cara sin que puedas disimularlo,
3108,5,"Si tengo ""el gorrión"" significa que:",Estoy triste o nostálgico,Tengo todo como lo planeé,Logré enamorar a alguien,Cogí la gripe,
3109,5,"Si una persona se demoró mucho para llegar a un lugar, o te hizo esperar, le dices:",Te distes tremenda lija,¿Por lo menos te cortastes las uñas?,Sóbate pero sóbame,¿Te dieron receso escolar?,
3110,5,Si voy al Cobre ¿qué quieres que te traiga?,Una virgencita de la Caridad ,Flores y estampas,Una piedrecita,Agua bendita,
3111,5,¿Cuál es la primera aplicación de video chat que se popularizó en Cuba?,Imo,Tango,Skype,Viber,
3112,5,"""A esa gallina vieja..."" ¿qué quiero que le hagan?",Que le den candela,Que la desplumen,Que la pongan a dar huevos,Que le busquen un gallo fino,
3113,5,"""Al machete y..."" ¿cómo?",Con la luz apagá',Arriba del caballo,Sin piedad,Al amanecer,Dariel Rivero
3114,5,"""Cada cual tiene un don que le dan cuando nace, unos nacen pa' estrella..."" ¿y otros?",Pa' estrellarse,Pa' ser fugaces,Pa' aprovecharse,Pa' olvidarse,
3115,5,"""La ciudad de los puentes"" es: ",Matanzas,Trinidad,Sancti Spíritus,Baracoa,
3116,5,"""La edad de la peseta"" suele ser más o menos entre:",Los 5 y los 11 años,Los 13 y los 21 años,Los 20 y los 40 años,Los 60 y los 80 años,
3117,5,"""Le da lo mismo hacerte un escándalo que...""",Un homenaje ,Un cake,Un show,Un velatorio,
3118,5,"""Lo último que trajo el barco"" es una frase que se usa para referirse a:",Novedades,Enfermedades,Mentiras,Locuras,
3119,5,"""Lucha tu yuca...""",Taíno,Caribe,Siboney,Guanajatabey,
3120,5,"""Mangar"" significa:",Robar o engañar,Trabajar,Golpear o sacudir,Pedir,
3121,5,"""Marineros somos...""",Y en el mar andamos,Y no nos bañamos,Y del pico tomamos,Y con fuerza cantamos,
3122,5,"""Nuestro vino es agrio pero...""",Es nuestro vino,Sabe bien,Se bebe a raudales,Su aroma es dulce,
3123,5,"""Quien tiene tienda que la atienda..."" ¿y si no qué?",Que la venda,Que la ceda,Que la pierda,Que la prenda,
3124,5,"""Si no sabes...""",No te metas,¡Pa' que te haces!,No improvises,¿Por qué opinas?,
3125,5,"""Siento un bombo, mamita...""",Me está llamando,Te bailo un mambo,Celebran un santo,No bailes tanto,El Conde
3126,5,"""Sin tu amor la vida se demora"" es un verso de una canción de:",Liuba María Hevia,Sara González,Gladys del Monte Horruitiner,Xiomara Laugart,
3127,5,"""Vacilón, que rico vacilón...""","Cha cha chá, que rico cha cha chá","Merengón, que rico merengón","Mambo eh!, que rico mambo eh!","Arará, que rico arará",
3128,5,"""Yo me hice el muerto un día..."" ¿y qué pasó?",Me anunciaron en la radio,Me heredaron en vida,Mi mujer se buscó otro,Mi sombrero se perdió,
3129,5,¿A qué hobby se dedican muchos cubanos en sus azoteas?,A criar palomas,A mirar las estrellas,A cazar gatos,A cultivar jardines,
3130,5,¿A quién tumbó la mula?,A Genaro,A Virulo,A Angulo,A Facundo,
3131,5,"¿Cómo continúa la frase ""No, no, no, disculpen...""?",Repetimos,Nos vamos,Lo siento,Regresamos,
3132,5,¿Cómo debes andar si quieres actuar cuidadosamente y no cometer ningún fallo?,Piano,Chili,Cuqui,Bala,
3133,5,¿Cómo dejaron a la novia de Pacheco?,Vestida y sin ir al baile,Preñada de jimaguas,Cantando sola,Con el bate y la pelota,
3134,6,¿Cómo dejaron al gallo de Morón?,Sin plumas y cacareando,Tieso del susto,Cogiendo sol,Cantando La Bayamesa,
3135,6,¿Cómo es un alardoso?,Buche y pluma na' má',Cara y pelo na' má',Talco y vuelos na' má',Pintura y espejo na' má',
3136,6,¿Cómo le dices a un joven que ya está muy grandecito para comportarse como un niño o hacer disparates?,Tú estás ya muy sangaletón para eso,Tú hace rato ya que estás para dar y no para que te den,Tú no eres ya un gurrumino así que sal al camino,Tú deja eso y levántate del suelo,
3137,6,¿Cómo se dice que está el aguacate que ha perdido el sabor por tener mucha agua?,Aguachento,Lechoso,Salcocha'o,Fofo,
3138,6,¿Cómo se le llama también al batido de guanábana?,Champola,Prú,Materva,Guamba,
3139,6,¿Cómo se le llama también al Mamey?,Zapote,Coyote,Melón francés,Yemita,
3140,6,¿Cómo se llama el polvo negro que sale de las chimeneas de los centrales azucareros?,Hollín,Cenizas dulces,Nieve negra,Polvín,
3141,6,¿Con qué ingredientes básicos se prepara el plato popular de harina que se suele acompañar con huevo frito?,"Con harina, agua, aceite y sal","Con harina, leche y mantequilla","Con harina, yema de huevo y azúcar","Con harina, maicena, puré de tomate y sal",Dean
3142,6,¿Con qué paga el chivo el tambor que rompe?,Con su pellejo,Con sus pezuñas,Con los tarros,Con la baba,
3143,6,¿Cuál de éstas no es una conocida comparsa?,Los Rumberos de Azafrán,Los Alacranes,Los Guaracheros de Regla,La comparsa de la FEU,
3144,6,¿Cuál de estos barrios habaneros es considerado muy malo?,La Corea,Kohly,California,Santo Suárez,
3145,6,¿Cuál de las siguientes es la patrona de la ciudad de Camagüey?,La Virgen de la Candelaria,La Virgen de Regla,La Virgen de Nuria,La Virgen de los Desamparados,
3146,6,¿Cuál de las siguientes frases no es un pregón popular?,¡Vendo enanitos verdes!,¡Compro cualquier pedacito de oro!,¡Calientico el maní!,¡Ambientador!,
3147,6,¿Cuál de las siguientes frases no se usa para pedir ayuda o una oportunidad?,Échale salsita,Llévame suave,Dame un chance,Tírame un cabo,
3148,6,¿Cuál de las siguientes palabras no se usa para nombrar un tipo de plátano?,Bergamoto,Cambute,Fongo,Manzano,
3149,6,¿Cuál de las siguientes siglas no se refiere a escuelas de deporte?,CAPE,EIDE,ESPA,CEAR,
3150,6,¿Cuál de los siguientes no es un muñequito ruso que se veía en Cuba?,Piliya,Prostokvashkino (Leche cortada),Cheburashka,Pityke (Pedrito el policía),
3151,6,"¿Cuál es ""la ciudad de los portales""?",Ciego de Ávila,Bayamo,Trinidad,Baracoa,
3152,6,"¿Cuándo digo ""Le zumba el mango""?",Cuando algo me parece increíble o me hace sentir disgustada,Cuando me están provocando y voy a responder con agresividad,Cuando no me puedo resistir a gastar el dinero que tengo,Cuando siento que alguien anda hablando mal de mí,
3153,6,"¿Cuando estás en una situación que no es la ideal y además tienes pocas perspectivas de mejorarla, cómo dices que estás?",Embarcado,Achantado,Superado,Desbocado,
3154,6,¿Cuántas provincias hay en Cuba?,15 provincias y un municipio especial,16 provincias y un municipio especial,14 provincias,16 provincias,
3155,6,"¿De dónde vinieron los guerreros ""que a mi cultura pasaron""?",De África,De Oriente,De España,Del Caribe,
3156,6,¿De qué tiene el que no tiene de congo?,De carabalí,De berebere,De bantú,De lucumí,
3157,6,"¿En La Habana, en cuál de éstas vías no existe un túnel?",Ave. 23,Ave. 5ta,Línea,Malecón,
3158,6,¿En qué dibujo animado los personajes principales son un joven y su cotorra?,Cecilín y Coti,Pipe y Papo,Elpidio Valdés y María Silvia,Guaso y Carburo,
3159,6,"¿En qué película cubana un personaje dice ""Yo soy un caso social""?",En Lista de espera,En Hacerse el sueco,En Paraíso bajo las estrellas,En Los Sobrevivientes,
3160,6,¿En qué pico se encuentra quien se enfrenta a un peligro?,En el pico de la piragua,En el pico Turquino,En el pico del loro,En el pico del minero,
3161,6,¿En qué programa televisivo se dio a conocer Rebeca Martínez?,En Para Bailar,En Bebé Vedette,En Todos por un Sueño,En Sonando en Cuba,
3162,6,"¿En qué programa televisivo te aconsejan ""sacar tus propias conclusiones""?",En Pasaje a lo Desconocido,En el Espectador Crítico,En la Neurona Intranquila,En la Mesa Redonda,
3163,6,"¿En qué serie de aventuras un personaje grita ""¡Lorencitoooo!""?",En Dos Hermanos,En Descamisados,En Blanco y Negro No,En El Conde de Montecristo,
3164,6,"¿Para los pueblos originarios de Cuba, qué era el areito?",Un baile,Un licor,Un sentimiento,Un árbol,
3165,6,¿Para qué se le da la vuelta a la manzana con una maleta?,Para viajar,Para especular,Para olvidar,Para sanar,
3166,6,¿Por cuál otro nombre se conoce la calle de Paula?,Leonor Pérez,Mariana Grajales,Amalia Simoni,Bernarda del Toro,
3167,6,¿Por qué La Habana es la capital de todos los cubanos?,Porque en ella se localizan todos los organismos del Estado,Porque en ella viven personas nacidas en toda Cuba,Porque en ella se localiza el puerto más importante de la isla,Porque es la ciudad preferida de todos los cubanos,Andy
3168,6,"¿Por qué se caracteriza una persona ""que no tiene medida de nada""?",Por abusar de la confianza que se le da y ser irrespetuosa,Por padecer obesidad mórbida,Por ser extravagante en sus maneras y usar ropa escandalosa,Por no tenerle miedo a nada ni a nadie,
3169,6,"¿Por qué se caracteriza una persona que ""echa flores por la boca""?",Por decir malas palabras,Por decir cosas bellas,Por andar siempre enamorando mujeres,Por lamentarse todo el tiempo,
3170,6,¿Por qué uno no debe dejar que le barran los pies?,"Porque si no, no se casa","Porque si no, le va tocar una suegra mala","Porque si no, le van a pegar los tarros","Porque si no, el matrimonio va a durar poco",
3171,6,¿Qué cosa es lo que le zumba?,El merequetén,El zángano,El tango,El reverbero,
3172,6,"¿Qué director de orquesta se caracteriza por decir ""¡¡¡Ataca chicho!!!""?",José Luis Cortés de NG La Banda,Giraldo Piloto de Klímax,Ricardo Leyva de Sur Caribe,Lazarito Valdés de Bamboleo,
3173,6,"¿Qué es ""el tanque""?",La cárcel,La escuela,El negocio,El gimnasio,
3174,6,¿Qué es Don Cangrejo?,Un restaurante y club nocturno,Un barrio de Santa Fé junto a la costa,Un parque de diversiones acuático,Un bar de la Avenida del Puerto,
3175,6,¿Qué es lo que más le gusta a Chacho de Chicha?,Que siempre tiene limpia su choza,Que tocando el timbal ella goza,Que tiene una sonrisa hermosa,Que no engorda aunque es golosa,
3176,6,"¿Qué es un ""guá"", ""wa"", ""vuá"" o ""uaz"" -según quien lo pronuncie-?",Un jeep UAZ-469 utilizado por las FAR fundamentalmente,Un niño chiquito muy llorón y malcriado,Un Lada Niva/VAZ-2121 utilizado en empresas estatales,Un hombre que es guapo y audaz en los negocios,
3177,6,"¿Qué es una ""guaricandilla""?","Una joven sata, callejera y descarada",Una sombrilla de playa o paraguas grande,Una fiebre producida por insolación,Una maraca más grande de lo común,
3178,6,"¿Qué estás haciendo si ""me estás dando cuero""?",Te estás burlando de mí,Me estás manoseando,Me estás comprando ropa,Te estás peleando conmigo,
3179,6,¿Qué frase dice frecuentemente Chucha?,Alabao,Candela,Ay Papá,Ay Dios,
3180,6,"¿Qué general de la Guerra de los 10 Años es conocido como ""el León de Santa Rita""?",Vicente García,Donato Mármol,Calixto García,Bartolomé Masó,
3181,6,"¿Qué hace el que ""mangonea""?",Hace que otro haga lo que él quiere y lo lleva recio,Se sabe atractivo y le gusta presumir,Se dedica a hacer mermelada de mango y la vende,Repara mangos de calderos y ollas,
3182,6,¿Qué hace la sandunguera?,Se va por encima del nivel,Se cuela por el ojo de una aguja,Se roba el show,Se va a gozar contigo y con tu banda,
3183,6,¿Qué instrumento tenía Bartolo?,Una flauta,Un piano,Una guitarra,Un violín,
3184,6,¿Qué le dice el hombre al carpincho?,Si tuviera mi güinche,Si fueras un perro,Si temieras al yaguareté,Se pudiera con él,
3185,6,¿Qué le pasa al niño que no llora?,No mama,No le dan nalgadas,No juegan con él,No molesta,
3186,6,"¿Qué le robaron a ""Lennon"" en La Habana?",Los espejuelos,Los zapatos,El abrigo,El anillo,
3187,6,"¿Qué lugar es conocido en Cuba como ""La Cuna del Daiquirí""?",El Floridita,La Bodeguita del Medio,El Parisién,El Sloppy Joe,
3188,6,¿Qué me pasa cuando te veo en calientico?,"Aúllo a la luna como un lobito, y se me para el corazoncito","Se me enreda la lengua como a un bobito, y se me acorta el pantaloncito","Saco las espuelas como un gallito, y me brindo a darte un par de hijitos","Abro los ojos como un loquito, y me agito todo como un cerdito",
3189,6,¿Qué montaba Titina?,Una bicicleta,Una carriola,Un tren,Un fotingo,
3190,6,"¿Qué no es ""una descarga""?",Un auto-robo o desvío de recursos realizado con suma discreción,Un fuerte regaño,Una fiesta pequeña,Una ejecución musical hecha para amigos en un ambiente informal,
3191,6,"¿Qué no significa ""comerse un cable""?",Ignorar a una persona que te pide ayuda por egoísmo o desidia,Perder una oportunidad por no haber sabido identificarla a tiempo o cometer un error,Trabajar demasiado o bajo condiciones que no te satisfacen,Estar en una mala situación económica,
3192,6,"¿Qué no significa ""pinchar""?",Bailar,Trabajar,Provocar,Enamorar,
3193,6,"¿Qué palabra usamos para referirnos a algo desordenado, tosco o vulgar?",Burdajá o burdajada,Rabisalsera o rabanera,Sotería,Jane,
3194,6,¿Qué perdiste?,"Güiro, calabaza y miel","Carbón, lumbre y cordel","La cara, el cuerpo y a él","La buena, la mala y la cruel",
3195,6,"¿Qué pintor cubano creó ""El Bobo""? Un personaje satírico y no tan bobo utilizado para criticar y combatir la dictadura de Machado?",Eduardo Abela,Adigio Benítez,Horacio Muñoz,Víctor Manuel,
3196,6,"¿Qué significa ""jamonear""?",Aprovecharse de alguien,Merendar algo,Hacer jamón,Esconderse de alguien,
3197,6,¿Qué significa la P que designa a los autobuses articulados?,Principal,Provincial,Población,Público,
3198,6,"¿Qué te dirán como advertencia si, a pesar de que te den un buen consejo o una información valiosa, no cambias tu forma de pensar y te aferras a algo en lo que crees?",Sigue durmiendo de ese lado,Lávate el cerebro,Mantén tu latón con tapa,No alimentes más bastardos,
3199,6,¿Qué tipo de hombres volvían loca a Maricusa?,Los mulaticos,Los carniceros,Los peloteros,Los trigueñones,
3200,6,"¿Quién ""hace gracias, travesuras, y se ríe ja ja ja""?",El Payaso Ferdinando,Rita la Loquita,El Oso Jacarandoso,Alegrina,Luis Janny
3201,6,"¿Quién ""se fue pa' otra tierra buscando camino"" y siente añoranza por la conga santiaguera?",Micaela,Marina,Magela,Martica,
3202,6,¿Quién dirigió en Cuba la primera Carga al Machete?,Máximo Gómez,Antonio Maceo,Ignacio Agramonte,Vicente García,
3203,6,"¿Quién es conocida como ""La novia del feeling""?",Omara Portuondo,Moraima Secada,Elena Burke,Rita Montaner,
3204,6,"¿Quién te saluda con mucho afecto y ""te desea lo mejorrrrr""? ",Armando Lima,José Rubiera,Reinaldo Taladrid Herrero,Miguel Ángel Hernández,
3205,6,"¿Quiénes eran los personajes protagónicos del muñequito ruso ¡Nu, pogodí! (""¡Me las pagarás!"")?",El lobo y la liebre,Lolec y Bolec,El oso Misha y Paquito,El cartero Fogón y el niño,
3206,6,"¿Si eliges tú, que hago yo?",Canto,Bailo,Improviso,Toco,
3207,6,¿Si me lo pides qué te doy?,El pesca'o,Mi amor,Plata,La Luna,
3208,6,“Nananina...”,Tres patines,Campesina,Flor de Anís,Gasolina,
3209,6,“Tom is a boy...”,Mary is a girl,¿Really?,Mary is his friend,Born in the USA,
3210,6,“Tú vas a saber lo que es pan de...”,Piquito,Flauta,Ajo,Azúcar,
3211,6,"Antolín el Pichón dice: ""El que me haga sombra...""",Se va,Se añeja,Se crece,Se luce,
3212,6,Antónimo de inteligente:,Turbina,Bola'o,Escapa'o,Filtro,
3213,6,Benny Moré cantaba:,Cienfuegos es la ciudad que más me gusta a mí,Hay fuego en la ciudad que más me gusta a mí,De fuego es la ciudad que más me gusta a mí,Prendan fuego a la ciudad que al Benny le gusta así,
3214,6,Cecilia Valdés fue escrita por:,Cirilo Villaverde,Onelio Jorge Cardoso,Ramón Meza,Silvestre de Balboa,
3215,6,"Completa la canción: ""Cemento,...""",Ladrillos y arena,Terrazo y mortero,Bloques y arenisca,Yeso y caliza,
3216,6,Cuando hay una pelea ¿qué se dice que se formó?,Un titingó,Un bembé,Un concierto,Un trabuco,
3217,6,"Cuando las cosas se nos dificultan, decimos: ""Pasamos más trabajo que...""",Un forro de catre,Un mambí tuerto,Un chivo en un quitrín,Un bote sin remos,
3218,6,Cuando soportas una situación negativa durante mucho tiempo o tienes mucha paciencia con alguien ¿qué dices que has dejado pasar?,Carretas y carretones,Toda la misa del domingo,La guagua ida y vuelta,La primavera,
3219,6,"Cuando una persona se hace la boba a conveniencia, simula no saber de algo o se muestra inconforme u asombrado con algo cotidiano ¿qué le decimos?",No te hagas el extranjero,Suelta la catibía,Cuentos a tu abuelita,No me eches maíz,
3220,6,Cuando vemos un moscón ¿qué creemos que augura?,La llegada de visita inesperada,Una lluvia pasajera,La llegada de un frente frío,Un reencuentro amoroso,
3221,6,El famoso grupo musical Los Van Van debe su nombre a: ,El lema de la zafra de los 10 millones,El sobrenombre de un grupo de amigos,La letra de una canción,Un ritmo musical,
3222,6,El momento decisivo será:,A la hora de los mameyes,Cuando la bahía se drene,A la hora de la pasiflora,Cuando los marcianos lleguen,
3223,6,El pan con barra de guayaba se conoce como pan con:,Timba,Jalea,Güinda,Dulce,
3224,6,En La Habana le dicen Fruta Bomba ¿Y en Oriente?,Papaya,Fruta Colorá,Granada,Fruta de la Pasión,
3225,6,"En un dibujo animado las rayas aseguran que los tigres ""No pasarán, ni ahora,...""",Ni nunca,Ni después,Ni luego,Ni ahorita,
3226,6,"Ignacio Piñeiro compuso la canción titulada ""Échale..."" ¿qué?",Salsita,Ganas,Los perros,Pila,
3227,6,"L, M y X son:",Familiares,Calles,Coordenadas en La Habana,Zonas de Alamar,
3228,6,"La Giraldilla, símbolo de la ciudad de La Habana, se encuentra en: ",El Castillo de la Real Fuerza,La Escalinata de la Universidad de La Habana,La Catedral de La Habana,La Lonja del Comercio,
3229,6,La más conocida vedette de Cuba es:,Rosita Fornés,María Antonieta,Rebeca Martínez,"Rachel ""La bella del Alhambra""",
3230,6,La negra linda ¿qué me echó?,Bilongo,El ojo,Girasoles,Tremenda cantaleta,
3231,6,La primera imagen de la Virgen de la Caridad del Cobre fue encontrada en el mar por:,2 hombres y un niño,4 hombres,3 hombres y un niño,3 hombres,
3232,6,"La vida te pone unas veces arriba y otras abajo, por eso decimos que es:",Un cachumbambé,Un columpio,Una noria,Un tobogán,
3233,6,"Los llamados ""mosquitos"" son:",Fumigadores,Inspectores de la ONAT,Estudiantes de enfermería,Prestamistas de dinero,
3234,6,"No llamamos ""quemador"" a un tipo que es:",Amante del fuego,Fanático a hacer ejercicios,Muy estudioso,Propenso a hacer bromas,
3235,6,"Para decir el lema: ""Con paciencia y con tesón,...""",Ganaremos la emulación,Seduciré a ese mangón,Batearé de jonrón,Dominaremos el danzón,
3236,6,Polo Montañez vivía en:,Pinar del Río,La Habana,Villa Clara,Ciego de Ávila,
3237,6,"Quiero un carro, una casa ¿y qué más?",Una buena mujer,Un millón de dólares,Un perro fiel,Un yate en el Mariel,
3238,6,Según el refrán ¿cuándo te vistes despacio?,Cuando estás apurado,Cuando estás de fiesta,Cuando estás dormido,Cuando estás de buenas,
3239,6,Según el refrán ¿dónde no manda ni soldado ni marinero?,Donde manda capitán,Donde manda capellán,Donde manda el mar,Donde manda el Zar,
3240,6,Según el refrán ¿qué debes hacer cuando veas las barbas de tu vecino arder?,Poner las tuyas en remojo,Apagarlas mientras puedas,Afeitarte y cambiarte el nombre,Dejar que lo consuman,
3241,6,Ser “un caballo” significa:,"Ser el mejor en algo, el número uno","Ser un mal estudiante, sinónimo de burro","Ser adicto a los estupefacientes, drogadicto","Ser problemático, andar siempre en líos",
3242,6,"Si ""pareces una guanaja arriba de un zinc caliente"", significa que estás:",Inquieta,Remolona,Envalentonada,Agresiva,
3243,6,Si dio tremenda tángana ¿qué hizo?,Protestó largo y tendido,Tocó los timbales todo lo que quiso,"Cantó muy bien ""a capella""",Respondió bien todas las preguntas de la prueba,
3244,6,"Si me pides algo difícil de conseguir, me pones condiciones que son difíciles de cumplir o me haces una pregunta que no se responder ¿qué te diré?",Me la pusiste dura,Me dejaste sin cambio,Me pediste magnesio,Me la diste caliente,
3245,7,Si no estás al tanto de las cosas que ocurren a tu alrededor y que tienen que ver contigo ¿cómo estás?,Marea'o,Bajo del mar,Apaga'o,Detrás del humo,
3246,7,Si no te das cuenta de algo evidente o eres el último en enterarte cuando ya todos lo saben ¿qué te dirán?,Estás detrás del palo y pidiendo el último,Abre las cortinas que ya salió el sol,¿Del gacetillero nada eh?,Busca el cadáver que apesta,
3247,7,Si quiero que dejes de estar pendiente a mí ¿qué te digo?,¡Desencárnate!,¡Acetona!,¡Delete!,¡Quita!,
3248,7,"Si quiero que las cosas estén bien claras entre nosotros, te pediré que llames:","Al pan, pan; y al vino, vino","Al pan, harina; y al vino, alcohol","Al pan, hogaza; y al vino, licor","Al pan, panetela; y al vino, vino seco",
3249,7,Si quiero que me dejes tranquila y te esfumes ¿qué te digo?,Multiplícate por cero y desaparece,Piérdete en el páramo por favor,Birla la bruma y hazte espuma,Sigue el camino de la babosa,
3250,7,Si sientes que te persigue la mala suerte ¿qué dices?,Tengo un chino atrás,Tengo un gallego pega'o,Tengo un turco terco detrás,Tengo un yuma encarna'o,
3251,7,"Si te digo ""qué bolero"" ¿qué estoy haciendo?",Me estás saludando,Me estás piropeando,Me estás amenazando,Me estás evadiendo,
3252,7,"Si te digo de pronto, y con poco tacto, una noticia que te impacta, o te pido algo sin pena, a bocajarro ¿qué me dices?",Me la tiraste directo al pecho,Me la echaste con la manteca fría,Me la lanzaste sin saliva,Me la serviste cruda,
3253,7,"Si te digo que ""te voy  a meter en el caldero"" ¿qué significa?",Que te voy a hacer brujería,Que te voy a invitar a comer,Que no te voy a olvidar nunca,Que mi casa es tu casa,
3254,7,"Si te voy a ver ahora, después del ""toque"" ¿dónde estoy?",En una fiesta de santos,En la calle de noche,En Facebook,En una pelea,
3255,7,Si una cosa implica un alto grado de dificultad para entenerla o hacerla se dice que es:,Un clavo,Un tornillo,Un remache,Un bulón,
3256,7,"Si una persona bruta tiene un buen puesto de trabajo para el cual no está a la altura, le dirán:",Ñame con corbata,Uva moscatel,Flan de calabaza,Tata Batata,
3257,7,"Si yo te digo ""¿Qué cosa?"", tú me respondes ""Que cosa...”",La costurera,La modista,El alfayate,El sastre,
3258,7,Una mentira es:,Una Guayaba,Un Huevo,Una Bomba,Un Trompo,
3259,7,Yo sé de la pata...,Que cojeas,De la vaca,De palo,Que te amarras,
3260,7,"""A Dios rogando...""",Y con el mazo dando,Y moneditas soltando,Y a los santos enrolando,Y la próxima calculando,
3261,7,"""A mí no me des más teque compay...""",A otro con ese cuento,Paga y deja el invento,Esa brisa no fue un viento,Yo por los míos me reviento,
3262,7,"""Al que quiere azul celeste...""",Que le cueste,Dile que lo presté,Dile que permute,Que conquiste,
3263,7,"""Antón, Antón Pirulero...""",Cada cual atienda a su juego,Te vi encuero,Préstame dinero,Dile a los niños que traje caramelos,
3264,7,"""Coge tu pareja..."" ¿y qué?",Tira tu pasillo,Exprímele el bolsillo,Come mamoncillo,Amárrala por los tobillos,
3265,7,"""Dame la muleta y el bastón...""",Y podrás bailar mi son,Y menea ese pompón,Y lánzate hasta home,Y batea un buen jonrón,
3266,7,"""El bistec"" es un peinado que popularizaron en Cuba:",Los emos,Los Back Street Boys,Los reparteros,Los Ángeles,
3267,7,"""La ciudad de los parques"" es:",Holguín,La Habana,Santiago de Cuba,Manzanillo,
3268,7,"""Palo que nace pa' violín...""",Desde que está en el monte suena,Flota con la marea,En la cola del caballo se enreda,No es guitarra ni baqueta,Ariel Hernández
3269,7,"""Relájate y coopera, que...""",Te estoy midiendo y no es pa' ropa,Te voy a eliminar la compota,Te estoy contando las gotas,Te voy a cantar el Itá y no unas coplas,
3270,7,"""Si te quieres por el pico divertir...""",Cómprame un cucuruchito de maní,Ponle a ese pancito ajonjolí,Dame un besito justo aquí,Prueba lo que tengo para ti,
3271,7,"""Voy pa'l gao a buscar la chaúcha"" significa:",Voy para la casa a buscar la comida,Voy para el monte a buscar la chiva,Voy para el mercado a buscarme la vida,Voy para la calle a buscarme una mujer,
3272,7,¿A él le dio Changó con qué?,Con conocimiento,Con Ogún,Con Yaya,Con apetito,
3273,7,¿A qué hora mataron a Lola? ,A las 3 de la tarde,A las 2 menos cuarto,A las 3 de la madrugada,A las 2 de la tarde,
3274,7,"¿A qué o a quién no se le dice ""traste""?",A un tipo de sillón muy ancho que se usa para dormir la siesta,A una muchacha con cuerpo raro para ofenderla,A objetos en desuso como calderos de cocina u otros tarecos,A las finas tiras de metal que tienen las guitarras en el mástil,Dayana Arencibia
3275,7,"¿A quién Elpidio Valdés le dice ""Tú eres un genio...""?",A Oliverio,A Vicente,A Pepe,A Fito,
3276,7,¿Caben diez personas en una Girón?,"Sí, y más también","No, imposible","Sí, pero ni una más","No, a no ser que sean niños",
3277,7,¿Camina pa' qué?,Pa' que te conozcan,Pa' que te ejercites,Pa' que ahorres gasolina,Pa' que no se escondan,
3278,7,"¿Cómo ""yo quiero ir a Bayamo""?",¡Montando en coche!,¡Subido en un burro!,¡Manejando un Chevrolet!,¡De polizón en un tren!,
3279,7,¿Cómo es conocida Elena Burke?,"Como ""La Señora Sentimiento""","Como ""La Diva del Pueblo""","Como ""La Voz de Cuba""","Como ""La Nota Dorada""","Yadira Figuerola Manfugas, de Alamar"
3280,7,¿Cómo llamas a un hombre que le da una importancia excesiva a su apariencia?,Postalita,Brillantina,Querubín,Efigie,
3281,7,¿Cómo llamó Colón inicialmente a la Isla de Cuba?,Isla Juana,Isla Colona,Isla Bonita,Isla Cubanacán,
3282,7,¿Como quién estás cuando haces lo que te da la gana?,Como Carmelina,Como Domitila,Como Marianela,Como Alejandrina,
3283,7,¿Cómo se dice en Cuba si tu pareja te traiciona?,Te pega los tarros,Te pone los cachos,Te alquila el cuarto,Te pasa churro por croqueta,
3284,7,¿Cómo se le llama a la mítica luz que se ve en los caminos de una zona de Oriente y hace que pierdan el rumbo los que la siguen? (Se piensa que es el espíritu de Hatuey.),La luz de Yara,La luz de Cauto Cristo,La luz de Banes,La luz de Imías,
3285,7,¿Cómo se le llama también a la colcha de trapear o frazada de piso?,Bayeta,Felpuda,Colcheta,Manta,
3286,7,¿Con qué no debe jugar Mayeya?,Con los santos,Con los hombres,Con los animales,Con los alimentos,
3287,7,¿Con quién tienes que dejar el abuso?,Con el buzo,Con el Pitufo,Con el obtuso,Con el iluso,
3288,7,¿Cuál de estos barrios no está en el municipio Plaza de la Revolución?,Casino Deportivo,La Timba,El Fanguito,Nuevo Vedado,
3289,7,¿Cuál de estos eventos no se celebra en Holguín?,El Festival Benny Moré,Las Romerías de Mayo,El Festival Internacional de Cine Pobre de Gibara,La Fiesta de la Cultura Iberoamericana,
3290,7,¿Cuál de estos mafiosos no participó en la Conferencia de La Habana?,Salvatore Maranzano,Santo Trafficante,Meyer Lansky,Lucky Luciano,
3291,7,¿Cuál de las siguientes es una marca de mochilas?,Thaba,Duaba,ZipX,XiloS,
3292,7,¿Cuál de las siguientes no es una obra de Wilfredo Lam?,La mañana roja,La jungla,El rey del juguete,La silla,
3293,7,¿Cuál de las siguientes palabras no es sinónimo de estar muy cansado?,Ataca'o,Desguabina'o,Despetronca'o,Reventa'o,
3294,7,¿Cuál de las siguientes plantas invasoras es la más conocida como plaga en Cuba?,El Marabú,El Cañambú o Caña brava,La Yerba de Guinea,La Jaragua,
3295,7,¿Cuál de los siguientes estribillos popularizó el grupo Dan Den?,Dale pa' que te den,Goza con este tren,Súbete y mueve bien,Sé infiel y no mires con quién,
3296,7,¿Cuál de los siguientes no es un personaje de un muñequito ruso?,El Cartero Fisgón,Tragadiscos,El Deshollinador,Violeta,
3297,7,¿Cuál era el nombre de Kid Chocolate?,Eligio Sardiñas,Ultiminio Ramos,José Legrá,Roberto Balado,
3298,7,¿Cuál es el Baile Nacional de Cuba?,El danzón,El casino,El mambo,El chachachá,
3299,7,¿Cuál es el nombre del apellidado Pirindingo?,Juan,Raúl,Carlos,Javier,
3300,7,¿Cuál es el nombre del músico apellidado Pérez Prado?,Dámaso,Danilo,Damián,Daniel,
3301,7,¿Cuál es el plato más preparado en los hogares cubanos el fin de año?,Cerdo asado,Pavo asado,Carnero asado,Pollo asado,
3302,7,¿Cuál es el punto de reunión más utilizado por los jóvenes para pasar el rato en los barrios de toda Cuba?,La esquina,El Joven Club de Computación,Las Canchas,El cine,
3303,7,"¿Cuántos son los ""agentes trasmisores de eso que anda...""?",14,15,13,12,
3304,7,¿De dónde son los liberales que corren?,Del Perico,De Candelaria,Del Guiteras,De Corrientes,
3305,7,¿De qué es Changó el dios?,Del trueno,Del monte,Del mar,Del miedo,
3306,7,¿De quién me despedí cuando salí de La Habana?,De un perrito chino,De los Pérez Pérez,De mi tío el empleado,De la Giraldilla,
3307,7,¿De quién nos acordamos cuando truena?,De Santa Bárbara,De Yaiba,De Zeus,De Thor,
3308,7,"¿Dónde amenaza el tigre ""no va a quedar raya, ni hijo de raya, ni nieto de raya""? ",En el Yabebyry,En el Cuñapirú,En el Mayabeque,En el Jobabo,
3309,7,¿En dónde se encuentra la finca que tenía Ernest Hemingway en Cuba?,San Francisco de Paula,Santa Fé,Nueva Gerona,Cojímar,
3310,7,"¿En qué juego infantil se usa la frase ""juego culeco""?",En el Escondido,En los Yaquis,En el Burrito 21,En la Gallinita Ciega,
3311,7,"¿En qué película cubana el protagonista grita en una escena ""¡La entrego viva!""?",Clandestinos,El Brigadista,Guardafronteras,El hombre de Maisinicú,
3312,7,"¿En qué serie de aventuras un personaje dice ""¡Batea Yosvany!""?",En Los Pequeños Campeones,En Los Papaloteros,En El Guardián de la Piedra,En Mucho Ruido,
3313,7,"¿Guajiro, qué yo quiero?",Montarme en tu caballo,Bajar un montón de estrellas,Que ares mi surco,Sentarme contigo en un tronco,
3314,7,¿Por qué se caracteriza el ají cachucha?,Por ser pequeño y arrugado,Por ser ideal para hacer pimiento asado,Por parecerse mucho al chile jalapeño,Por tener forma de campanilla,
3315,7,"¿Por qué te dirían ""Dragón Zuzú""?",Por tener mal aliento,Por tener mal carácter,Por tener hambre siempre,Por tener pies grandes,
3316,7,"¿Qué cineasta cubano era apodado ""Titón""?",Tomás Gutiérrez Alea,Humberto Solás Borrego,Santiago Álvarez Román,Juan Carlos Tabío,
3317,7,¿Qué ciudad es conocida como la Perla del Sur?,Cienfuegos,Nueva Gerona,Guantánamo,Santiago de Cuba,
3318,7,"¿Qué decimos que hace una persona que tiene el poder de controlar mercancías o dinero, o que puede tomar decisiones que afectan a otros?",Manichear,Mangonear,Mojonear,Mosconear,
3319,7,¿Qué dice Kola Loka para sugerirte que no cojas tanta lucha?,No te agites que te fermentas,Aguanta el cable que te desconectan,No transpires que luego apestas,Apaga la radio e ignora la siembra,
3320,7,"¿Qué es ""un arroz con mango""?",Una gran confusión,Una cochinada,Un postre tradicional,Una rubia linda,
3321,7,"¿Qué es ""un Pepe""?",Un turista extranjero,Un proxeneta,Un travesti,Un policía encubierto,
3322,7,"¿Qué es la ""meta""?",La policía,La maestra,La madre,La embajada,
3323,7,¿Qué frase no usarías para pedirle a alguien que deje de provocarte contra alguien?,No me des más lata,No le eches más leña al fuego,No me des más cuerda,No estés achuchando tanto,
3324,7,¿Qué hace el perro del hortelano?,Ni come ni deja comer,Persigue gallinas,Se lame el...,Aúlla cuando canta el gallo,
3325,7,¿Qué hace uno con el pirulí?,Lo chupa,Lo cultiva,Lo lava,Lo engorda,
3326,7,¿Qué lleva en su alma?,La Bayamesa,La Patria,La Fé,La Rosalía,
3327,7,¿Qué lugar en La Habana es famoso por el auge de la santería?,Guanabacoa,Luyanó,Lawton,Romerillo,
3328,7,"¿Qué no significa ""A todo meter"" o ""Métele con todo""?",Con tremendo descaro (estoy a todo meter),Muy alto (la música está a todo meter),Sin límite de gastos (voy  a dar una fiesta a todo meter),A toda velocidad (va a todo meter),
3329,7,¿Qué nunca tuvo la mujer fea?,Quince años,Muchos Regalos,Novio fiel,Buen maquillaje,
3330,7,¿Qué objeto de valor se robaron una vez del Capitolio Nacional?,Un diamante,Una estatua de mármol,Un cuadro de Rembrandt,Un escudo de oro,
3331,7,¿Qué pasa cada vez que me acuerdo del ciclón?,Se me enferma el corazón,Se me cae el pantalón,Se me olvida la canción,Se me va la inspiración,
3332,7,¿Qué película cubana se desarrolla casi totalmente en una terminal de ómnibus?,Lista de espera,La terminal,Guantanamera,La vida es silbar,
3333,7,"¿Qué personaje se llamaba a sí mismo ""mi mismo""?",Lindoro Incapaz,Facundo Correcto,Amado Fiel del Toro,El Habanero,
3334,7,¿Qué representa el personaje de Masicas?,La avaricia,La gula,La envidia,La mentira,
3335,7,¿Qué se hace comúnmente en latas de refresco recortadas?,Durofríos,Tartaletas,Panquecitos,Gelatina,
3336,7,"¿Qué ser burlón y alegre vive riéndose y de buen humor en los ríos, siempre inquieto y haciendo maldades inocentes a otras personas?",El güije o jigüe,El chicotico,El chicungunya o chicungulla,El guaso,
3337,7,"¿Qué significa ""apurruñar""?",Apretar,Regatear,Esconder,Penetrar,
3338,7,"¿Qué significa lo mismo que ""tener tamaño de bola""?",Saber por dónde van los tiros,Ser un caballo grande,Amasar la pacota,Oler el peligro,
3339,7,¿Qué significan las siglas IPUEC?,Instituto Preuniversitario en el Campo,Inmuebles para Urbanizar el Este de la Ciudad,Iniciativa para Unir y Educar a Emprendedores en Cuba,Inspectores Policiales de la Unidad Especial Cubana,
3340,7,¿Qué solía ser la actual Ciudad Libertad?,El Campamento de Columbia,El Miramar Yacht Club,El Colegio de Belén,El Central Jaronú,
3341,7,"¿Qué suele decir a su público en sus presentaciones Moisés del Valle, el director y vocalista de Yumurí y sus Hermanos?",¡A guaracharrrrr!,¡A llorarrrr que se perdió el tete!,¡A la batalla!,¡A saborear la timba!,
3342,7,¿Que te compre quién?,Quien no te conozca,Quien te quiera,Quien tenga lo que vales,Quien sepa lo que das,
3343,7,¿Qué voló y era de hierro?,El Maine,Una bicicleta,Matías Pérez,El Barbarán,
3344,7,"¿Quién ""en la manigua vivía cuando el mambí se batía""?",El punto cubano,El sandunguero mayor,El cantante de la loma,El son montuno,
3345,7,"¿Quién es conocido como el ""General de las Cañas""?",Jesús Menéndez,Ciro Redondo,Ursinio Rojas,Domingo Dulce,
3346,7,¿Quién es el autor de la mundialmente famosa foto del Ché?,Alberto Korda,Roberto Salas,Liborio Noval,Iván Cañas,
3347,7,¿Quién fue el cubano que se destacó en los Juegos Olímpicos de San Luis 1904 en la prueba de maratón?,Andarín Carvajal,Simón el Caminante,El Elefante Valdés,Andrés Bello,
3348,7,"¿Quién ha sido conocido como ""El sofocador de La Habana""?",Pablo FG,Robertón,Mauricio Figueiral,Alain Daniel,"Yadira Figuerola Manfugas, de Alamar"
3349,7,¿Quién va con el mantón de Manila?,Domitila,Manila,Camila,Liudmila,
3350,7,"A qué canción pertenece este verso: ""Es que tú sabes que sin ti, la vida es nada para mí""",Capullito de alelí,Dos gardenias,Hoy tengo ganas de ti,Contigo en la distancia,
3351,7,Antónimo de Cabreado:,Martillado,Enojado,Berreado,Disparado,
3352,7,Chano Pozo fue un famoso:,Percusionista,Pianista,Trompetista,Saxofonista,
3353,7,"Completa el nombre del personaje: ""Julito el...""",Pescador,Barbero,Boxeador,Lechero,
3354,7,"Cuando algo queda muy lejos decimos que está: ""En casa de...""",La kimbamba,La caimana,La malanga,La sambumbia,
3355,7,"Cuando me molesto mucho por algo digo que ""estoy vola'o como una...""",Cafetera,Chiringa,Fosforera,Locomotora,
3356,8,Cuando una persona se muestra indecisa respecto a algo y se contradice en sus acciones o decisiones ¿cómo le decimos para precisarla?,Te peinas o te haces papelillos,Vas corriendo o dando saltitos,Te levantas o te quedas sentado,Bailas conmigo o con mi hermana,
3357,8,Cuando una persona se va por mucho tiempo sin avisar o te abandona ¿qué dices que te vendió?,El cajetín,El toro,El refrigerador,El alelí,
3358,8,Cuba nunca fue conocida popularmente como:,La gigante del caribe,La perla de las antillas,La llave del golfo,La mayor de las antillas,
3359,8,De una persona simpática no se dice que es:,Fula,Chévere,Tocao,Sabroso,
3360,8,El mayor fan del equipo Industriales era:,Armandito el Tintorero,Víctor Mesa,Rolando el Ampayer,Germán Mesa,
3361,8,El Tres es un instrumento musical derivado de:,La guitarra,La trompeta,El violín,El bongó,
3362,8,La Edad de Oro es:,Una revista,Un libro,Un periódico,Una fábula,
3363,8,Los cimarrones que tenían éxito en su fuga solían encontrarse y vivir unidos en...,Palenques,Campamentos,Tribus,Yagrumas,
3364,8,Los Kiko eran unos zapatos de:,Plástico,Cuero,Goma,Gamuza,
3365,8,Monja + Pescao =  X,X = 15,X = 25,X = 105,X = 30,
3366,8,Por Choco es conocido en Cuba un importante:,Artista plástico,Director de orquesta,Chef,Bailarín,
3367,8,Según el refrán ¿qué debe hacer el que quiere comer pescado?,Mojarse el cu...,Aprender a nadar,Enfrentarse al mar,Saber esperar,Salvador Quesada Jiménez
3368,8,Según el refrán ¿qué no come el perro?,Perro,Tortuga,Gato,Lobo,
3369,8,Según el refrán ¿qué pasa con el que tiene boca?,Se equivoca,Te provoca,Te convoca,Se coloca,
3370,8,Según el refrán ¿qué pasa si crías cuervos?,Te sacarán los ojos,Te sobrarán plumas negras,Tendrás cuervitos,Tendrás palomas,
3371,8,Según su canción ¿qué hizo Frank Delgado afuera?,Dijo groserías pero por su acento se escuchó educado,Discutió en el aereopuerto por intentar traer un buey embalado,Ganó un millón de amigos y extendió su visado,Hizo disparates que al final serán olvidados,
3372,8,"Según una vieja canción ¿qué tengo ""por medio peso""?",Una vaca y un ternero,Un hueco en el zapato,Un pan con picadillo,Una foto del Capitolio,
3373,8,"Si alguien te pone en un aprieto o te precisa, dirás que te tiene:",En tres y dos,En la pecera,En el maletero,En tanga y sin tope,
3374,8,"Si dicen que ""cantó el manicero"" ¿qué le pasó?",Se murió,Se hizo rico,Se divorció,Se fue del país,
3375,8,Si estás empapado en agua ¿cómo estás?,Entripa'o,Soba'o,Papea'o,Borda'o,
3376,8,"Si estoy ""puesto para ti"" en el mal sentido, no te diré:",Estás en pañales,Te tengo en la mira,Te tengo en remojo,Estás en veremos,
3377,8,Si estoy a la viva y consciente de todo lo que ocurre a mí alrededor ¿cómo dicen que ando?,En talla,En línea con el mundo,En vilo,En fecha y hora,
3378,8,"Si no confío en tus palabras,  te lo haré saber al decirte:",A otro perro con ese hueso,Vomita la rata serpiente,Afila el puñal que ya me viro,Hay Brutus yo no soy bruto,
3379,8,Si no quiero hablar de un tema que intentas sacar en la conversación ¿qué te digo?,"No toques ese vals, cierra ese piano","Prueba con otro vinilo, o vira ese","Rebobina o adelanta, pero no le des play","No digas más nada, guarda la caja",
3380,8,Si no tienes poder de decisión o no estás colaborando en algo ¿qué te dicen?,Tú ni pintas ni das color,Tú ni te nominas ni votas,Tú ni cantas ni bailas,Tú ni limas ni raspas,
3381,8,"Si se que de tu boca solo salen falsedades, te diré:",Miénteme que me gusta,Endulza más ese cuento para poder tragármelo,"Falsa es tu madre, falso tu papá, por eso a ti no te creo na'",Suena bien pero apesta,
3382,8,Si te dejaron fuera de algo o te botaron sin posibilidades de retorno ¿cómo se dice que estás?,En la calle y sin llavín,En el mar sobre una tablita,En el circo por la carpa,En la vereda y con matules,
3383,8,"Si te pido que ""no me des más el berro"" ¿qué quiero que hagas?",Que dejes de pelear conmigo,Que dejes de darme larga,Que dejes de darme órdenes,Que dejes de ayudarme,
3384,8,Si te vistes con una camisa de flores y un pantalón de cuadros ¿qué te digo?,Estás fajado,Vas herido,Estás a 2 x 1,Vas sobrado,
3385,8,Si tengo muchas mujeres atrás ¿qué digo que tengo?,Mujeres a pululu,Más flores de las que puedo regar,Salsa china en el hangar,Plétora de chamacas,
3386,8,Si tienes muy mala suerte te dirán que eres:,Malvino Fortuna,El Gafe,Paquito Saleroso,Armando Caos,
3387,8,Si tratas de involucrarme en un problema que no me concierne ¿qué te digo?,Lo siento pero ese es tu maletín,Estamos cerrados por inventario,¿Por qué? ¿De qué? ¿Pa' qué? ¿Pro qué?,"Búscalo por dónde vino, no aquí",
3388,8,"Si un problema se extiende sin solución a pesar de que uno intente muchas cosas, o alguien te da de largas y te miente sobre un asunto ¿con qué compararás la situación?",Con el cuento de la buena pipa,Con el cuento de los tres cerditos,Con el cuento de la campanilla,Con el cuento de tu abuelita,
3389,8,"Si vas en busca de algo, o a algún lugar, con prisa y sin pensarlo ¿qué digo?",Allá va Juan que se mata,Allá va Pepe ¡Al machete!,Allá va Arsenio atrás del tren,Allá va Omar sin pensar,
3390,8,"Un ""ratero"" es:",Un ladrón de tendederas y objetos pequeños,Un exterminador de ratones y ratas,Un hombre que amaestra ratas para el circo,Un hombre que come hámsteres,
3391,8,Yemayá es la orisha del:,Mar,Aire,Amor,Monte,
3392,8,"""¿Quién llama a Elpidio Valdés?""",Éste que está aquí atrás,Resóplez,María Silvia,El primo de la capital,
3393,8,"""Aguja sabe lo que cose..."" ",Y dedal lo que empuja,Y el hilo por dónde pasa,Y la tela se le revira,Y tijera la elimina,
3394,8,"""Chévere de la Salsa"" es un disco de:",Issac Delgado,Manolín el Médico de la Salsa,Paulito FG,Adalberto Álvarez,
3395,8,"""No me abras los ojos...""",Que no te voy a echar goticas,Que ya me voy a callar,Que yo se que te duele,Que no te tengo miedo,Arisneisi
3396,8,"""No por mucho madrugar...""",Amanece más temprano,Se hace el día más largo,Dios te va a ayudar,La suerte te va a acompañar,Karol
3397,8,"""Quiero un sombrero de guano, una bandera, una guayabera..."" ¿Y qué más?",Un son para bailar,Una novia que besar,Un peso pa gastar,Un sueño que alcanzar,
3398,8,"""Recoge la serpentina...""",Que tu carnaval ya pasó,Que no hay fiesta por hoy,Que molesta a las vecinas,Que nadie te pidió cooperación,
3399,8,"""Santa Camila de la Habana Vieja"" es:",Una obra de teatro,Una virgencita adorada en La Habana,Un barrio,Un convento de Carmelitas Descalzas,
3400,8,"""Sol solecito...""",Caliéntame un poquito,Afloja por un ratico,Acuéstate tempranito,Dora mi cuerpecito,
3401,8,"""Te conozco bacalao...""",Aunque vengas disfraza'o,Porque hueles a pesca'o,Tan feo y tan pesa'o,No me mires de la'o,
3402,8,"""Una cosa es con guitarra, y la otra es...""",Con violín,Con piano,Con trombón,Con arpa,
3403,8,"""Yo soy, Juana...""",Bacallao,La Cubana,De Arco,Palangana,
3404,8,"¿""To' el mundo quiere ser..."" qué?",Jeringuilla,Barquillo,Tornillo,Mantequilla,
3405,8,¿A cuál Premio Nobel se le obsequió un sombrero panamá en la tienda El Encanto cuando visitó Cuba?,A Albert Einstein,A Ernest Hemingway,A Juan Ramón Jiménez ,A Gabriela Mistral,
3406,8,¿A qué sabe la materva bien fría?,A sidra,A chicha,A limonada,A leche,
3407,8,"¿A quién le gritaban ""¡Vieja Bruja!""?",A Justa,A Norma,A Lucía,A Teresa,
3408,8,"¿A quién llamas ""monina""?",A un hermano o amigo muy querido,"A la mujer que amas (viene de ""Mon amour"")","A tu abuela, si te crió",A la policía,
3409,8,"¿Cómo le decían al asturiano, dueño de un bar, que se hizo célebre en La Habana por sus excentricidades, su vida bohemia y por manejar un auto con carteles publicitarios?",Bigote de Gato,El Asturianito,Juan Charrasqueado,El Chori,
3410,8,¿Cómo le gusta la piña a María?,A María le gusta la piña pela',A María le gusta la piña fría,A María le gusta la piña lasquea',A María le gusta la piña verde,Kmi la mafia
3411,8,¿Cómo le puedes llamar a un compañero tuyo en Oriente?,Nagüe,Changuito,Tunaco,Manero,
3412,8,¿Cómo pasa la A?,Con sus dos patitas muy abiertas al andar,Alzando los pies,De puntillitas bailando va,Con las manos cruzadas y las piernas firmes,
3413,8,¿Cómo se le llama a la policía?,La fiana,La blanquita,La tranca,La chanza,
3414,8,"¿Cómo se le llama al que controla la salida de taxis u otros medios de transporte de uso popular no estatal en un paradero, vocea las rutas y organiza la cola de pasajeros?",Buquenque,Enclenque,Patacón,Arriero,
3415,8,¿Cómo se llamaba La bella del Alhambra?,Rachel,Raquel,Regla,Reina,
3416,8,¿Cómo se nombran los miembros de La Sociedad Secreta Abakuá?,Ñáñigos,Ekeniyós,Gandos,Anaforuanos,
3417,8,"¿Cuál de estas palabras significa ""el fin"" en ruso?",Koniec,Spasiva,Shupakachi,Eureka,
3418,8,¿Cuál de estas personalidades nunca vino a Cuba?,Carl Sagan,Giuseppe Verdi,Enrico Caruso,Alexander Fleming,
3419,8,¿Cuál de estas playas es conocida por tener arenas negras?,Bibijagua,Mégano,Baracoa,Santa Lucía,
3420,8,¿Cuál de estos actores no vino a Cuba?,John Smith,Errol Flynn,Marlon Brando,Buster Keaton,
3421,8,¿Cuál de estos cantantes no se considera parte de la Nueva Trova Cubana?,Eliades Ochoa,Vicente Feliú,Pedro Luis Ferrer,Amaury Pérez,
3422,8,¿Cuál de estos edificios dicen que fue a finales de los 50' el tercero más alto hecho de hormigón armado en América Latina?,El Edificio FOCSA,El Edificio Radio Centro,El Hospital Hermanos Ameijeiras,El Hotel Habana Libre,
3423,8,"¿Cuál de estos músicos dio a conocer primero la canción ""Píntate los labios María""?",Roberto Faz,Eliades Ochoa,Ibrahim Ferrer,Rolando Laserie,
3424,8,¿Cuál de estos músicos no ha cantado una canción dedicada a La Habana?,Polo Montañez,Los Zafiros,Carlos Varela,Gerardo Alfonso,
3425,8,¿Cuál de estos personajes femeninos no apareció en ¿Jura decir la verdad??,Teté Mamoncillo,Cuqui La Mora,Lissette Tamaño del Busto,Marieta Pozo Alegre,
3426,8,¿Cuál de estos personajes no formaba parte del elenco de Sabadazo?,Virulo,Boncó Kiñongo,Matute,Gustavito,
3427,8,¿Cuál de estos personajes no va al taller Rosca Izquierda?,Arturita,Maraca,Flor de Anís,Tonito,
3428,8,¿Cuál de las siguientes eculturas no fue obra de Rita Longa?,"El busto de ""José Martí"" en el Pico Turquino","Los venados del zoológico de 26 llamados ""Grupo familiar""","La ""Aldea Taína"" en el Centro Turístico Guamá","""La Ballerina"" del cabaret Tropicana",
3429,8,¿Cuál de las siguientes palabras no se refiere a tipos de zapatos hechos por artesanos que se han vendido en las ferias en distintos momentos?,Creepers,Alpargatas,Cocalecas,Palos,Kevin Alejandro Figueredo Hernández
3430,8,¿Cuál de los siguientes nombres no corresponde con el de un IPVCE?,Antonio Gramsci,Vladimir Ilich Lenin,Felix Varela,Silverio Álvarez Aroche,
3431,8,¿Cuál de los siguientes personajes no salió nunca en Alegrías de Sobremesa?,Bonifacio,Rita,Sarría,Sandalio,Ariel Hernández
3432,8,¿Cuál era el nombre del equipo de pelota de Marianao?,Los Tigres,Los Cocos,Los Guapos,Los Puros,
3433,8,"¿Cuál es ""la ciudad de las esculturas""?",Las Tunas,Trinidad,Holguín,Santiago de Cuba,Lidianis Cruz
3434,8,¿Cuál es el personaje que siempre anda con un mono en un muñequito extranjero muy popular en Cuba?,Dora la exploradora,Jay Jay el avioncito,Pitufo Filósofo,Pumba,Adayne Amador Palacios
3435,8,¿Cuál es la marca de la mayoría de las guaguas interprovinciales?,Yutong,Busscar,Dongfeng,Geely,
3436,8,¿Cuántas bolas te venden por un peso cubano?,Cinco,Una,Cuatro,Tres,Eulises Pacheco Silva
3437,8,¿Cuántos huevos tocan por persona? (Por la cuota mensual.),Cinco,Dos,Siete,Doce,Eulises Pacheco Silva
3438,8,¿De dónde era el burro que tomaba cerveza?,De Bainoa,De Puentes Grandes,De Ciego Montero,De Veguitas,
3439,8,¿De qué color es el Capitán Plin?,Verde,Amarillo,Negro,Blanco,
3440,8,¿De quién era el platanal?,De Bartolo,De Abdel la Esencia,De Roberto,De Florito,
3441,8,"¿Dónde nació Juan Cristóbal Nápoles Fajardo ""El Cucalambé""?",En Las Tunas,En La Habana,En Ciego de Ávila,En Pinar del Río,
3442,8,¿En qué lugar marines estadounidenses profanaron la figura de José Martí?,En el Parque Central de La Habana,En la Plaza de la Revolución,En el Parque Central de Nueva York,En el Pico Turquino,
3443,8,"¿En qué novela un personaje decía ""¡Oh, Charito!""?",En Sol de batey,En El naranjo del patio,En Cuando el agua regresa a la tierra,En Cuando el amor no alcanza,
3444,8,"¿En qué orquesta se puede oir al cantante principal decir ""¡Disciplina!""?",Manolito Simonet y su Trabuco,Alabao,Sur Caribe,Charanga Habanera,
3445,8,"¿La mujer de quién camina ""así""?",La Mujer de Antonio,La Mujer de Alberto,La Mujer de Argelio,La Mujer tuya,
3446,8,¿Liborio era una representación de qué?,Del pueblo cubano,De los inmigrantes españoles,De las élites burguesas,De los pinareños,
3447,8,"¿Por qué ""voy a publicar tu foto en la prensa""?","Porque me distes agua caliente, agua salada, de madrugada","Porque eres una loca, super loca, requete loca, eres una arrebatá'","Porque te gusta el peligro y me arrastras a eso, te gusta estar arriba de lo mal hecho","Porque eres célebre y famosa, por ser tan linda y tan golosa",
3448,8,"¿Por qué diría ""El mono está que chifla""?",Porque hace frío,Porque ando con un loco,Porque tengo hambre,Porque estoy irritado por algo,
3449,8,"¿Por qué quería el gallego que si moría en Cuba lo enterraran en España, y viceversa?",Por joder,Por tradición,Por locura,Por superstición,
3450,8,¿Qué actor hizo varias veces el papel de un hombre cascarrabias muy comprometido con la Revolución?,Enrique Molina,Enrique Almirante,Rubén Breña,Mijail Mulkay,
3451,8,¿Qué animal puedes sacrificar y comer en Cuba sin tener problemas legales?,El chivo,La vaca,El caballo,La caguama,
3452,8,¿Qué día se conmemora en Cuba la injusticia cometida contra 8 estudiantes de medicina?,El 27 de noviembre,El 13 de noviembre,El 28 de diciembre,El 17 de septiembre,
3453,8,¿Qué dijo José Martí que son Cuba y Puerto Rico?,De un pájaro las dos alas,Dos joyas del Caribe,Las islas de la salsa ,Propiedades de su vecino del norte,
3454,8,"¿Qué es ""El Indio""?",El Sol,El Mar,El Destino,El Camino,
3455,8,"¿Qué es una ""aspirina""?",Un tipo de autobús,Una enfermera bonita,Un golpe en la nariz,Una casa de beneficencia,
3456,8,"¿Qué es una ""guarandinga""?",Un medio de transporte,Una muchacha vulgar,Una planta medicinal,Un tipo de mosca,
3457,8,"¿Qué hace una persona que se ""tira en plancha""?","Suplicar, mostrarse arrepentida o tratar de enmendar un error","Alardear, mostrar sus habilidades y regocijarse al hacerlo","Amenazar, chantajear a alguien con divulgar cosas que le sabe","Limpiar, tirar agua y restregar con energía",
3458,8,¿Qué haría yo si Adelita se fuera con otro?,La seguiría por tierra y por mar ,Me buscaría otra más estelar,Inscribirme en el servicio militar,Suplicarle que me vuelva a amar,
3459,8,"¿Qué hizo ""un día de paseo una señora""?","Rompió con su sombrero, una farola","Pisó con sus boticas, mis amapolas","Cogió por la colita, a mi perra Lola","Golpeó con su sombrilla, una vitrola",
3460,8,¿Qué le decía a la hormiguita retozona su mamá?,Ven y ayúdame a fregar,Ven que vamos a pasear,Ven que tienes que estudiar,Ven y come un poco más,
3461,8,¿Qué le dicen siempre a Venancio?,Como cambian los tiempos,Cuando tú ibas yo venía,Quién te ha visto y quién te ve,No somos nada,
3462,8,"¿Qué le robaron a ""Matamoros"" en Santiago?",El sombrero,La chaqueta,El reloj,La corbata,
3463,8,¿Qué lugar aparece en la primera hoja del pasaporte cubano?,Isla de la Juventud,Pinar del Río,La Habana,Guantánamo,
3464,8,¿Qué no decimos de una persona que se hace la importante y presume más de lo que debe?,Es una bota i-lustrada,Es un creyente o se cree cosas,Se da bombo y platillo,Se da tremenda lija,
3465,8,"¿Qué palabra no se usa en Cuba comúnmente como sinónimo de ""desbarató""?  ",Desarrajó,Desguabinó,Descuajeringó,Desconchinfló,
3466,8,¿Qué pasa en 3 y 2?,Cualquiera se poncha,Venden granizado,¡Listo y fuera!,Si te vas no vuelves,
3467,9,¿Qué podían encontrar las niñas en la última página de algunas revistas como la Bohemia?,Cuquitas,Papalotes,Trabalenguas,Adivinanzas,
3468,9,"¿Qué significa ""Al cantío del gallo""?",Cerca,Lejos,Alto,Bajito,
3469,9,¿Quién compuso el famoso Mambo No. 5?,Dámaso Pérez Prado,"Israel ""Cachao"" López",José Curbelo,"Francisco R. Gutiérrez ""Machito""",
3470,9,¿Quién esculpió el Cristo de La Habana?,Jilma Madera,Rita Longa,José Delarra,José Villa,
3471,9,¿Quién fue el creador de las famosas Criollitas de Wilson?,Luis Felipe Wilson Falera,Jack Wilson,Mario Rafael Rodríguez Wilson,Wilson Zambrana Correa,
3472,9,"¿Quién fue el locutor que -según se cuenta- emocionado durante una narración en vivo dijo ""Esto es de pi... queridos amiguitos""?",Armando Calderón,Eduardo Rosillo,Antonio Pera,Félix Travieso,
3473,9,¿Quién no es una artista plástica cubana?,María Graciela Alemparte,Belkis Ayón,Amelia Peláez,Flora Fong,
3474,9,¿Quién tiene la llave?,El Cerro,El Cano,La Cuevita,La Corea,
3475,9,"¿Quiénes son ""Los tres Juanes""?",Dos indios y un esclavo que encontraron la imagen de la Virgen de la Caridad,Tres músicos que formaban parte de Los Zafiros,Tres cantineros que abrieron en Bayamo el célebre bar homónimo,Dos gallegos y un cubano que fundaron el barrio Juanelo en San Miguel del Padrón,
3476,9,“Ponme la mano aquí...”,Macorina,Esterbina,Madrina,Marcolina,
3477,9,"A partir del cuento titulado ""El lobo, el bosque y el hombre nuevo"" se hizo la película:",Fresa y Chocolate,La Caperucita Roja,El Cuerno de la Abundancia,El hombre de Maisinicú,
3478,9,A una persona muy chismosa no le decimos:,"Barbarita, siempre con la oreja paradita",Radio Bemba,Teté Comité,"Mireya, en todo menos en lo de ella",
3479,9,Al ex presidente José Miguel Gómez se le conoció como:,El tiburón que se baña pero salpica,El cocodrilo de agua salá,El pisa bonito,El general de generales,
3480,9,"El ""Bayú de Lola"" era:",Un burdel,Un cabaret,Un puesto de fritura,Un solar,
3481,9,El Prú se hace con:,Raíces,Harina,Frutas frescas,Leche de chiva,
3482,9,El río más caudaloso de Cuba es:,El Toa,El Almendares,El Cauto,El Tana,
3483,9,El río más extenso de Cuba es:,El Cauto,El Toa,El Canímar,El Cuyaguateje,
3484,9,"En la película ""El cuerno de la Abundancia"" ¿qué apellido tenías que tener para heredar?",Castiñeira,Castañeda,Cañizales,Cañizo,
3485,9,Fidel Castro estudió en la Universidad de La Habana:,Derecho,Psicología,Ciencias Políticas,Periodismo,
3486,9,"Frase que significa ""en el momento culminante o justo"":",A la hora del cuajo,A la hora del ciclón,A la hora del cañonazo,A la hora del desfile,
3487,9,La mayor parte de la temporada del aguacate no coincide con la temporada del:,Tomate,Pepino,Quimbombó,Ají,
3488,9,"La película ""Plaff"" se llamaba también:",Demasiado miedo a la vida,Los pájaros tirándole a la escopeta,Cuídate de tu vecina,Nada,
3489,9,Los repartos conocidos como Pastorita son llamados así en recuerdo de:,Pastorita Núñez,Pastorita Sánchez,Pastora Vélez,La Divina Pastora,
3490,9,"¿Qué músico cubano grita en una canción ""¡Pachanguera!""?",David Blanco,Ernesto Blanco,Maykel Blanco,Duamel Blanco,
3491,9,"Según Buena Fe, ¿qué pasa con el camarón que se duerme?",Se lo comen los turistas,Se lo lleva la corriente,Amanece en otro continente,En la cocina se cuece,
3492,9,"Según el piropo: ""...y dicen que en Cuba no hay carne,...""",¡Lo que no hay es lata pa' envasarla!,¡Pero yo de ese pernil sacaba unas buenas chuletas!,¡A quién le hace falta carne teniendo tantas otras cosas ricas!,"¿Qué más da? ¡Si yo no quiero comer, lo que quiero es que me coman!",
3493,9,"Según el refrán ¿cómo sale el ""hijo de majá""?",Pinto,Arrastra'o,Lengüino,Escamoso,Salvador Quesada Jiménez
3494,9,Según José Martí ¿cómo no se manda un pueblo? ,Como se manda un campamento,Como se dirige un musical,Como se capitanea un barco,Como se enseña a caminar,
3495,9,"Si decides olvidar un asunto engorroso y seguir adelante sin hablar más de ello, se hayan resuelto o no los conflictos que te pueda haber provocado ¿cómo dices?",Hay que echarle tierra a eso,Cierra ya ese libro,Échale leña al fuego,Hay que tirar ese bulto al río ,
3496,9,"Si descubro que un fisgón está tratando de escuchar una conversación que tengo, digo:",Hay pitirre en el alambre,Se coló un perro chino en la cochiquera,Dile a Pito que deje el jueguito,Huelo pez pega,
3497,9,"Si digo ""qué envolvencia"", significa:",Qué problema,Qué romance,Qué solvencia,Qué invento,
3498,9,"Si haces o dices algo que me impresiona, y te lo digo ¿cuál de las siguientes frases no uso?",Te fajaste con los trecientos,Metiste pa' quinientos,La tiraste en estéreo,Soltaste tremendo número,
3499,9,Si resuelves algo al instante u obtienes lo que querías con facilidad ¿qué dices?,Fue llegar y besar el santo,Fue pasar la lengua y cerrar el sobre,Fue decir achí,Fue fui,
3500,9,"Si te digo ""Fuego a la lata"" ¿qué significa?",Que sigas adelante sin importar las consecuencias,Que empieces a hacer la comida,Que te pongas serio en un asunto,Que le saques información importante a alguien,
3501,9,Sinónimo de juerga:,Bachata,Candanga,Tuneo,Sopera,
3502,9,Sinónimo de revuelo:,Rebambaramba,Parapatanga,Querequetén,Somborondrón,
3503,9,"""Al enemigo que se retira...""",Puente de plata,Palo bien da'o,Besos de adiós,Síguelo y liquídalo,
3504,9,¿A qué lugar de la provincia de La Habana le decían Hoyo Colorado?,A Bauta,A Bejucal,A Fontanar,A Managua,
3505,9,¿Cómo estaba el hombre de la Emulsión de Scott?,Con el bacalao a cuestas,Haciendo vaporizaciones,Preparando un brebaje,Con la barriga llena,
3506,9,¿Cómo le llamaban al puente que conectaba Miramar con el Malecón antes de que existiera el túnel de 5ta?,Puente Pote,Puente de la Puntilla,Puente de Hierro,Puente Grande,
3507,9,¿Cómo llamaban en Cuba a un famoso médico chino?,Cham Bom-biá,Cheng Weng,Kan Shong-la,Wu Li,
3508,9,¿Cómo se les decía a los rusos en Cuba?,Bolos,Cosacos,Rojos,Russkis,
3509,9,¿Cómo se les llama a las personas que se han hecho santo recientemente?,Iyawos,Aleyos,Egúns,Babalaos,
3510,9,¿Cómo se llama la leyenda tunera que se refiere a luces que se ven sobre un popular río?,El fantasma del Ahoga-pollos,Las llamas del Chaparra,El fanal de Jobabo,Las almas del Sevilla,
3511,9,¿Cómo se llamaba el cubano que murió en el Titanic?,Servando José Florentino Ovies Rodríguez,Andrés Salvador Rodríguez Matos,Segismundo Moré del Castillo,Juan Florentino Borrás y Saavedra,
3512,9,¿Cómo se llamaba la mujer de Hatuey?,Guarina,Guamá,Gaya,Gabey,
3513,9,"¿Cómo se llamaban los grupos musicales surgidos en Cuba en el siglo XVII que se encargaban de animar el cine silente, los circos ambulantes y las funciones de teatro?",Los Piquetes,Los Conjunticos,Los Sextetos,Las Charangas,
3514,9,¿Cuál de estas frases no popularizó Bernabé en Detrás de la fachada?,¿A dónde vas que ya no ibas?,"No mentira, tu me está engañando",Atrevidoooo,No pué seee,
3515,9,¿Cuál de éstas marcas de cerveza no se ha producido nunca en Cuba?,Antártica,Polar,Cristal,Hatuey,
3516,9,¿Cuál de estas playas no pertenece a Matanzas?,Punta Gorda,Playa Larga,Varadero,Playa Girón,
3517,9,¿Cuál de estos luchadores por la libertad de Cuba durante las guerras de Independencia era cubano?,Juan B. Spotorno,Carlos Roloff,Máximo Gómez,Henry Reeve,
3518,9,¿Cuál de los siguiente discos no es de la Orquesta Aragón?,"Chan, chan, charanga",Sabrosona,La charanga eterna,Chachachás que hicieron época,
3519,9,¿Cuáles eran los nombres de los hermanos Sanguily?,Julio y Manuel ,Antonio y Miguel,Julio y Miguel,Antonio y Manuel,
3520,9,¿Cuándo empieza la temporada del mango?,En mayo,En agosto,En febrero,En diciembre,
3521,9,"¿De dónde era Henry Reeve ""El Inglesito""?",De Estados Unidos de América,De Australia,De Irlanda,De Escocia,
3522,9,"¿De quién es la canción ""Habana dulce locura"" que sale en el Canal Habana?",De Gerardo Alfonso,De Pablo Milanés,De Tony Ávila,De Ray Fernández,
3523,9,¿Dónde fue encontrada la primera imagen de la Virgen de la Caridad?,En la Bahía de Nipe,En Bahía Honda,En la Bahía de Sagua la Grande,En la Bahía de Caimanera,
3524,9,"¿En cuál de las siguientes situaciones imaginarias yo no estaría si alguien me dijera ""Estás tirándole piedras al Morro""?",Pitcheandole en el Latino a Félix Savón,Hablando de La Habana a Eusebio Leal,Enseñando a Leo Brouwer a tocar guitarra,Jugando con Débora Andollo a aguantar la respiración,
3525,9,¿En cuál hotel de La Habana hubo una famosa reunión de mafiosos venidos de EE.UU.?,En el Hotel Nacional,En el Hotel Habana Hilton,En el Hotel Presidente,En el Hotel Riviera,
3526,9,"¿Para referirse a qué, se usa la frase ""Retama de guayacol en pomo chato""?",A algo realmente malo,A algo muy novedoso,A algo caro,A algo viejo,
3527,9,¿Por cuál de estos sitios no pasa la Carretera Central?,Guayacanes,Ranchuelo,Jatibonico,Cacocum,
3528,9,¿Qué digo para que sepas que te aprecio?,"Te llevo de rama en rama, como Tarzán lleva a Juana",Te llevo en mi pecho pero te quiero en mi lecho,Paso con sobrepeso por el aereopuerto pero no te suelto,"Paso de todos, pero contigo es codo con codo",
3529,9,¿Qué dios está representado en la estatua que se encuentra en la cúpula de la Lonja del Comercio de La Habana?,Mercurio,Marte,Júpiter,Saturno,
3530,9,¿Qué es la tacuarita cubana?,Un ave,Una hierba,Una danza popular,Un ritmo musical,
3531,9,"¿Qué es una ""comadrita""?",Un tipo de sillón,Una prima lejana,Una droga sintética,Un instrumento de percusión,
3532,9,¿Qué fastidió Fito?,"El arroz con boniato, ¡y el café!","La carne con papas, ¡y el aguardiente!","El arroz congrí, ¡y el bistec!","Las croquetas con quesito, ¡y el cake!",
3533,9,¿Qué fórmula quería obtener Jhonny Terrory?,La del Vampisol,La de la dinamita,La del Mojito,La del fufú de plátano,
3534,9,¿Qué frase usamos para decir que alguien tiene una alta probabilidad de obtener algo o de que algo le ocurra para bien o para mal?,Tiene 99 papeletas,Le sale en la frente,Tiene la flecha señalándolo,Le viene con ganas,
3535,9,¿Qué frase utilizamos para describir un objeto barato y de poca calidad?,Michi michi,Muñi muñi,Malu chino,Macu tico,
3536,9,¿Qué le pasó a Chacumbele?,Él mismito se mató,Perdió una pelea con Lecumchabe,Se lo llevó el ciclón,Murió de amollll,
3537,9,¿Qué música tocaba la Sonora Matancera?,Guaracha,Sinfónica,Jazz fusión,Salsa,
3538,9,"¿Qué narrador deportivo solía decir ""Está dooominado""?",Héctor Rodríguez,Bobby Salamanca,Eddy Martin,René Navarro,Ariel Hernández
3539,9,"¿Qué narrador deportivo solía decir en los bloqueos durante los juegos de vóleibol ""Muralla color chocolate""?",René Navarro,Rodolfo García,Sergio Ortega,Modesto Agüero,Ariel Hernández
3540,9,¿Qué nombre tiene el primer danzón que se publicó?,Las Alturas de Simpson,Espejo de Paciencia,La Loma del Ángel,Habanera,
3541,9,¿Qué pasó con los tranvías en Cuba?,Se eliminaron antes del 59',Se eliminaron después del 59',Nunca existieron ni se pensó en instalarlos,Los iban a instalar en el 40' pero se robaron el dinero de la inversión,
3542,9,¿Qué patriota de la Guerra de los 10 Años fue muy rico y sin embargo murió en Nueva York en la miseria tras perderlo todo en el esfuerzo por ver a Cuba libre?,Francisco Vicente Aguilera,Salvador Cisneros Betancourt,Lope Recio Loynaz,Bernabé Boza Sánchez,
3543,9,"¿Qué significa ""Jalar la leva""?",Adular,Acariciar,Peinar,Humillar,
3544,9,"¿Qué significa ""Meterse una caterva""?",Comerse un plato grande de comida,Ponerse un abrigo viejo de origen soviético,Pasar un curso denso y tedioso,Coger una guagua que está llena de gente,
3545,9,"¿Qué significa la frase ""Chupar el rabo a la jutía""?",Tomar y estar borracho,Hablar boberías,Pasar necesidad,Estar triste y solo,
3546,9,¿Qué tiene el carpintero?,Todo lo que necesitará,Pinotea na' ma',"Cedro, Caoba y Baobab",Unos precios de ¡Ay Mamá!,
3547,9,¿Quién de los que aparecen en este listado ha trabajado como actor pero nunca como director?,Rubén Breña,Jorge Perugorría,Roly Peña,Rolando Chiong,
3548,9,¿Quién dicen que asesinó al cacique Guamá y por qué?,"Su hermano Olguama, por su mujer","Su mujer Huanema, por celos","Su hijo Guamanex, por poder","Su amante Tabey, por un español",
3549,9,¿Quién era Eúfrates del Valle?,Un personaje de San Nicolás del Peladero,Un personaje de Alegrías de sobremesa,Un personaje de Así era entonces,Un personaje de La tremenda corte,
3550,9,¿Quién era Manuel García? ,El Rey de los Campos de Cuba,"El que cantaba ""con la manzana en la cabeza""",Un general de la Guerra de los Diez Años,Uno de los capitanes generales de la época colonial ,
3551,9,"¿Quién es la persona representada en ""La Fuente de la India""?","Habana, esposa del cacique Habaguanex","Guarina, esposa del rebelde Hatuey","Guanaroca, mujer de Hamao","Tínima, hija del cacique Camagüebax",
3552,9,¿Quién fue el dueño del 2do automóvil que se trajo a Cuba?,"José Sarrá, el propietario de la Droguería Sarrá","Armand el ""fotógrafo de las estrellas"", dueño de Estudios Armand","Sylvain Brouté, francés propietario de la repostería de Línea y 8","Blanco Herrera, uno de los propietarios de la cervecería La Tropical",
3553,9,¿Quién fue el único atleta cubano que participó en los Juegos Olímpicos de París 1900 y logró con su medalla de oro el 1er título olímpico para un deportista iberoamericano?,Ramón Fonst,Enrique Hevia,José Manuel Fors,Pedro Apellaniz,
3554,9,"¿Quién pronunció la frase que aparece en el escudo de Las Tunas? ""Tunas, con dolor en mi alma te prendo candela, pero prefiero verte quemada antes que esclava.""",El Mayor General Vicente García González,El Mayor General Donato Mármol,El Mayor General Modesto Díaz,El Mayor General Thomas Jordan,
3555,9,¿Quiénes eran conocidos en Cuba por tener trenes de lavado?,Los chinos,Los catalanes,Los haitianos,Los polacos,
3556,9,"¿Quiénes son las actrices que interpretan a una madre y su hija en ""Se permuta""?",Isabel Santos y Rosita Fornés,Daisy Granados y Broselianda Hernández,Mirta Ibarra y Laura de la Uz,Coralia Veloz y Tahimí Alvariño,
3557,9,A los puercos les gusta mascar:,Palmiche,Zanahoria,Romerillo,Almendras,
3558,9,Cuando algo malo sigue siendo negativo aunque se analice desde otro punto de vista ¿qué decimos?,De sijú a pitirre,De riña a disputa,De chinchilla a zibelina,De bola a borla,
3559,9,El manjuarí es:,Un pez,Un roedor,Un insecto,Un ave,
3560,9,El primer jugador de origen latinoamericano en jugar en las Grandes Ligas de Béisbol fue el cubano:,Esteban Bellán en el siglo XIX,Martín Dihigo en el siglo XX,"Adolfo Domingo De Guzmán ""Dolf"" Luque en el siglo XIX",Diego Seguí en el siglo XX,
3561,9,"En ""Un fraude celestial"" del grupo Komotú -presentado en ""¿Y tú de qué te ríes?""- ¿qué responde un personaje cuando le llaman ""Inteligente...""?",Dime bruto,Dime angelito,No te fijes,No te pegues,
3562,9,"En la película ""El Premio Flaco"", inspirada en la famosa obra de teatro, ¿dónde venía oculta la chapita ganadora?",En un jabón,En un cereal,En una botella,En un talco,
3563,9,Éramos pocos ¿y qué pasó?,Parió Catana,Llegó Mengana,Nació mi hermana,Volvió Zutana,
3564,9,"La ""mano de Orula"" es para el hombre, y para la mujer es:",El cofá,La cenefa,El cintillo,La berta,
3565,9,La compañera de Nitza Villapol en Cocina al Minuto era:,Margot,María,Marlene,Márgara,
3566,9,"Los llamados ""polacos"" eran conocidos en Cuba antes del año 1959 por ser dueños generalmente de:",Sastrerías,Fondas,Escuelas,Barberías,
3567,9,"Para decir el lema: ""Bajo lluvia, sol y sereno,...""",Deportistas siempre seremos,Ese puerquito asaremos,A la plaza marcharemos,En los carnavales festejaremos,
3568,9,"Si algo bueno llegó a su fin, digo que ""se acabó el pan de piquitos y...""",La raspadura de moño,La botella de Coca-Cola,La barra de guayaba,La mortadela,
3569,9,Si cogí algo que no debía ¿quién digo que me lo dio?,Roberto,Tomás,Mia y Yotuel,Yaima y Pavel,
3570,9,Si la situación está difícil ¿a cuántos trozos decimos que está la caña?,A tres,A dos,A seis,A diez,
3571,9,"Si me saqué ""la rifa del guanajo"" ¿qué me pasó?",Algo desagradable,Algo buenísimo,Algo sospechoso,Algo cotidiano,
3572,9,Si no quiero tocar un tema desagradable o hablar de cosas pasadas que resultan sensibles para mí ¿qué te advierto?,Cierra esa gaveta que tiene cucarachas,No entres a ese cuarto que está sucio,Esa libreta está vieja no la abras,Cambia la ruta si quieres llegar a algún lugar,
3573,9,Si se armó la de San Quintín ¿qué pasó?,Se armó un pleito o se presentaron serias dificultades,Se armó una fiesta en un momentico o se puso a asar un puerco,Se pusieron las mujeres en contra de los hombres,Se pusieron a coversar y se quemó toda la comida,
3574,9,Si te abandonan sorpresivamente y rompen tus planes ¿dónde te la dejaron?,En la mano,En la boca,En la espalda,En la pierna,
3575,9,"Si te dicen ""¡Tienes el chivo comiendo papel!"" ¿qué te ocurre?","Lo mismo que cuando te gritan ""¡Se te queman los frijoles!""","Lo mismo que cuando te gritan ""¡El pan vale un peso!""","Lo mismo que cuando te gritan ""¡Te sacaste la rifa del guanajo!""","Lo mismo que cuando te gritan ""¡Suelta el rabo de la jutía!""",
3576,9,"Tras la visita a Cuba en los años 50' de Christine Jorgensen, célebre transexual estadounidense que cambió su sexo en Copenhague, ¿qué ocurrió?","Circuló en la calle el verso ""No vayas a Dinamarca, porque te cambian de marca""","Se escribió ""La Engañadora""","Servando Cabrera Moreno pintó un cuadro en su honor titulado ""Diva""",Se fundó el Centro Nacional de Educación Sexual de Cuba (CENESEX),
3577,9,"Tras una breve estancia en Haití y Jamaica, Antonio Maceo vivió en el período entre guerras en:",Costa Rica,Panamá,Puerto Rico,Ecuador,
